PostCode,Distributor,AreaCode,AreaCodeLetter
AB10,Scottish Hydro Electric,17,_P
AB11,Scottish Hydro Electric,17,_P
AB12,Scottish Hydro Electric,17,_P
AB13,Scottish Hydro Electric,17,_P
AB15,Scottish Hydro Electric,17,_P
AB16,Scottish Hydro Electric,17,_P
AB1,Scottish Hydro Electric,17,_P
AB2,Scottish Hydro Electric,17,_P
AB3,Scottish Hydro Electric,17,_P
AB21,Scottish Hydro Electric,17,_P
AB22,Scottish Hydro Electric,17,_P
AB23,Scottish Hydro Electric,17,_P
AB24,Scottish Hydro Electric,17,_P
AB25,Scottish Hydro Electric,17,_P
AB30,Scottish Hydro Electric,17,_P
AB31,Scottish Hydro Electric,17,_P
AB32,Scottish Hydro Electric,17,_P
AB33,Scottish Hydro Electric,17,_P
AB34,Scottish Hydro Electric,17,_P
AB35,Scottish Hydro Electric,17,_P
AB36,Scottish Hydro Electric,17,_P
AB37,Scottish Hydro Electric,17,_P
AB38,Scottish Hydro Electric,17,_P
AB41,Scottish Hydro Electric,17,_P
AB42,Scottish Hydro Electric,17,_P
AB43,Scottish Hydro Electric,17,_P
AB44,Scottish Hydro Electric,17,_P
AB45,Scottish Hydro Electric,17,_P
AB51,Scottish Hydro Electric,17,_P
AB52,Scottish Hydro Electric,17,_P
AB53,Scottish Hydro Electric,17,_P
AB54,Scottish Hydro Electric,17,_P
AB55,Scottish Hydro Electric,17,_P
AB56,Scottish Hydro Electric,17,_P
DD1,Scottish Hydro Electric,17,_P
DD2,Scottish Hydro Electric,17,_P
DD3,Scottish Hydro Electric,17,_P
DD4,Scottish Hydro Electric,17,_P
DD5,Scottish Hydro Electric,17,_P
DD6,Scottish Hydro Electric,17,_P
DD7,Scottish Hydro Electric,17,_P
DD8,Scottish Hydro Electric,17,_P
DD9,Scottish Hydro Electric,17,_P
DD10,Scottish Hydro Electric,17,_P
DD11,Scottish Hydro Electric,17,_P
FK15,Scottish Hydro Electric,17,_P
FK16,Scottish Hydro Electric,17,_P
FK17,Scottish Hydro Electric,17,_P
FK18,Scottish Hydro Electric,17,_P
FK19,Scottish Hydro Electric,17,_P
FK20,Scottish Hydro Electric,17,_P
FK21,Scottish Hydro Electric,17,_P
G83,Scottish Hydro Electric,17,_P
G84,Scottish Hydro Electric,17,_P
HS1,Scottish Hydro Electric,17,_P
HS2,Scottish Hydro Electric,17,_P
IV1,Scottish Hydro Electric,17,_P
IV2,Scottish Hydro Electric,17,_P
IV3,Scottish Hydro Electric,17,_P
IV4,Scottish Hydro Electric,17,_P
IV5,Scottish Hydro Electric,17,_P
IV6,Scottish Hydro Electric,17,_P
IV7,Scottish Hydro Electric,17,_P
IV8,Scottish Hydro Electric,17,_P
IV9,Scottish Hydro Electric,17,_P
IV10,Scottish Hydro Electric,17,_P
IV11,Scottish Hydro Electric,17,_P
IV12,Scottish Hydro Electric,17,_P
IV13,Scottish Hydro Electric,17,_P
IV14,Scottish Hydro Electric,17,_P
IV15,Scottish Hydro Electric,17,_P
IV16,Scottish Hydro Electric,17,_P
IV17,Scottish Hydro Electric,17,_P
IV18,Scottish Hydro Electric,17,_P
IV19,Scottish Hydro Electric,17,_P
IV20,Scottish Hydro Electric,17,_P
IV21,Scottish Hydro Electric,17,_P
IV22,Scottish Hydro Electric,17,_P
IV23,Scottish Hydro Electric,17,_P
IV24,Scottish Hydro Electric,17,_P
IV25,Scottish Hydro Electric,17,_P
IV26,Scottish Hydro Electric,17,_P
IV27,Scottish Hydro Electric,17,_P
IV28,Scottish Hydro Electric,17,_P
IV30,Scottish Hydro Electric,17,_P
IV31,Scottish Hydro Electric,17,_P
IV32,Scottish Hydro Electric,17,_P
IV36,Scottish Hydro Electric,17,_P
IV40,Scottish Hydro Electric,17,_P
IV41,Scottish Hydro Electric,17,_P
IV42,Scottish Hydro Electric,17,_P
IV43,Scottish Hydro Electric,17,_P
IV44,Scottish Hydro Electric,17,_P
IV45,Scottish Hydro Electric,17,_P
IV46,Scottish Hydro Electric,17,_P
IV47,Scottish Hydro Electric,17,_P
IV48,Scottish Hydro Electric,17,_P
IV49,Scottish Hydro Electric,17,_P
IV51,Scottish Hydro Electric,17,_P
IV52,Scottish Hydro Electric,17,_P
IV53,Scottish Hydro Electric,17,_P
IV54,Scottish Hydro Electric,17,_P
IV55,Scottish Hydro Electric,17,_P
IV56,Scottish Hydro Electric,17,_P
KA27,Scottish Hydro Electric,17,_P
KA28,Scottish Hydro Electric,17,_P
KW1,Scottish Hydro Electric,17,_P
KW2,Scottish Hydro Electric,17,_P
KW3,Scottish Hydro Electric,17,_P
KW5,Scottish Hydro Electric,17,_P
KW6,Scottish Hydro Electric,17,_P
KW7,Scottish Hydro Electric,17,_P
KW8,Scottish Hydro Electric,17,_P
KW9,Scottish Hydro Electric,17,_P
KW10,Scottish Hydro Electric,17,_P
KW11,Scottish Hydro Electric,17,_P
KW12,Scottish Hydro Electric,17,_P
KW13,Scottish Hydro Electric,17,_P
KW14,Scottish Hydro Electric,17,_P
KW15,Scottish Hydro Electric,17,_P
KW16,Scottish Hydro Electric,17,_P
KW17,Scottish Hydro Electric,17,_P
KY13,Scottish Hydro Electric,17,_P
PA20,Scottish Hydro Electric,17,_P
PA21,Scottish Hydro Electric,17,_P
PA22,Scottish Hydro Electric,17,_P
PA23,Scottish Hydro Electric,17,_P
PA24,Scottish Hydro Electric,17,_P
PA25,Scottish Hydro Electric,17,_P
PA26,Scottish Hydro Electric,17,_P
PA27,Scottish Hydro Electric,17,_P
PA28,Scottish Hydro Electric,17,_P
PA29,Scottish Hydro Electric,17,_P
PA30,Scottish Hydro Electric,17,_P
PA31,Scottish Hydro Electric,17,_P
PA32,Scottish Hydro Electric,17,_P
PA33,Scottish Hydro Electric,17,_P
PA34,Scottish Hydro Electric,17,_P
PA35,Scottish Hydro Electric,17,_P
PA36,Scottish Hydro Electric,17,_P
PA37,Scottish Hydro Electric,17,_P
PA38,Scottish Hydro Electric,17,_P
PA39,Scottish Hydro Electric,17,_P
PA40,Scottish Hydro Electric,17,_P
PA41,Scottish Hydro Electric,17,_P
PA42,Scottish Hydro Electric,17,_P
PA43,Scottish Hydro Electric,17,_P
PA44,Scottish Hydro Electric,17,_P
PA45,Scottish Hydro Electric,17,_P
PA46,Scottish Hydro Electric,17,_P
PA47,Scottish Hydro Electric,17,_P
PA48,Scottish Hydro Electric,17,_P
PA49,Scottish Hydro Electric,17,_P
PA60,Scottish Hydro Electric,17,_P
PA61,Scottish Hydro Electric,17,_P
PA62,Scottish Hydro Electric,17,_P
PA63,Scottish Hydro Electric,17,_P
PA64,Scottish Hydro Electric,17,_P
PA65,Scottish Hydro Electric,17,_P
PA66,Scottish Hydro Electric,17,_P
PA67,Scottish Hydro Electric,17,_P
PA68,Scottish Hydro Electric,17,_P
PA69,Scottish Hydro Electric,17,_P
PA70,Scottish Hydro Electric,17,_P
PA71,Scottish Hydro Electric,17,_P
PA72,Scottish Hydro Electric,17,_P
PA73,Scottish Hydro Electric,17,_P
PA74,Scottish Hydro Electric,17,_P
PA75,Scottish Hydro Electric,17,_P
PA76,Scottish Hydro Electric,17,_P
PA77,Scottish Hydro Electric,17,_P
PA78,Scottish Hydro Electric,17,_P
PA80,Scottish Hydro Electric,17,_P
PA81,Scottish Hydro Electric,17,_P
PA82,Scottish Hydro Electric,17,_P
PA83,Scottish Hydro Electric,17,_P
PA84,Scottish Hydro Electric,17,_P
PA85,Scottish Hydro Electric,17,_P
PA86,Scottish Hydro Electric,17,_P
PA87,Scottish Hydro Electric,17,_P
PA88,Scottish Hydro Electric,17,_P
PH1,Scottish Hydro Electric,17,_P
PH2,Scottish Hydro Electric,17,_P
PH3,Scottish Hydro Electric,17,_P
PH4,Scottish Hydro Electric,17,_P
PH5,Scottish Hydro Electric,17,_P
PH6,Scottish Hydro Electric,17,_P
PH7,Scottish Hydro Electric,17,_P
PH8,Scottish Hydro Electric,17,_P
PH9,Scottish Hydro Electric,17,_P
PH10,Scottish Hydro Electric,17,_P
PH11,Scottish Hydro Electric,17,_P
PH12,Scottish Hydro Electric,17,_P
PH13,Scottish Hydro Electric,17,_P
PH14,Scottish Hydro Electric,17,_P
PH15,Scottish Hydro Electric,17,_P
PH16,Scottish Hydro Electric,17,_P
PH17,Scottish Hydro Electric,17,_P
PH18,Scottish Hydro Electric,17,_P
PH19,Scottish Hydro Electric,17,_P
PH20,Scottish Hydro Electric,17,_P
PH21,Scottish Hydro Electric,17,_P
PH22,Scottish Hydro Electric,17,_P
PH23,Scottish Hydro Electric,17,_P
PH24,Scottish Hydro Electric,17,_P
PH25,Scottish Hydro Electric,17,_P
PH26,Scottish Hydro Electric,17,_P
PH30,Scottish Hydro Electric,17,_P
PH31,Scottish Hydro Electric,17,_P
PH32,Scottish Hydro Electric,17,_P
PH33,Scottish Hydro Electric,17,_P
PH34,Scottish Hydro Electric,17,_P
PH35,Scottish Hydro Electric,17,_P
PH36,Scottish Hydro Electric,17,_P
PH37,Scottish Hydro Electric,17,_P
PH38,Scottish Hydro Electric,17,_P
PH39,Scottish Hydro Electric,17,_P
PH40,Scottish Hydro Electric,17,_P
PH41,Scottish Hydro Electric,17,_P
PH42,Scottish Hydro Electric,17,_P
PH43,Scottish Hydro Electric,17,_P
PH44,Scottish Hydro Electric,17,_P
ZE1,Scottish Hydro Electric,17,_P
ZE2,Scottish Hydro Electric,17,_P
ZE3,Scottish Hydro Electric,17,_P
DG1,Scottish Power,18,_N
DG2,Scottish Power,18,_N
DG3,Scottish Power,18,_N
DG4,Scottish Power,18,_N
DG5,Scottish Power,18,_N
DG6,Scottish Power,18,_N
DG7,Scottish Power,18,_N
DG8,Scottish Power,18,_N
DG9,Scottish Power,18,_N
DG10,Scottish Power,18,_N
DG11,Scottish Power,18,_N
DG12,Scottish Power,18,_N
DG13,Scottish Power,18,_N
DG14,Scottish Power,18,_N
DG16,Scottish Power,18,_N
EH1,Scottish Power,18,_N
EH2,Scottish Power,18,_N
EH3,Scottish Power,18,_N
EH4,Scottish Power,18,_N
EH5,Scottish Power,18,_N
EH6,Scottish Power,18,_N
EH7,Scottish Power,18,_N
EH8,Scottish Power,18,_N
EH9,Scottish Power,18,_N
EH10,Scottish Power,18,_N
EH11,Scottish Power,18,_N
EH12,Scottish Power,18,_N
EH13,Scottish Power,18,_N
EH14,Scottish Power,18,_N
EH15,Scottish Power,18,_N
EH16,Scottish Power,18,_N
EH17,Scottish Power,18,_N
EH18,Scottish Power,18,_N
EH19,Scottish Power,18,_N
EH20,Scottish Power,18,_N
EH21,Scottish Power,18,_N
EH22,Scottish Power,18,_N
EH23,Scottish Power,18,_N
EH24,Scottish Power,18,_N
EH25,Scottish Power,18,_N
EH26,Scottish Power,18,_N
EH27,Scottish Power,18,_N
EH28,Scottish Power,18,_N
EH29,Scottish Power,18,_N
EH30,Scottish Power,18,_N
EH31,Scottish Power,18,_N
EH32,Scottish Power,18,_N
EH33,Scottish Power,18,_N
EH34,Scottish Power,18,_N
EH35,Scottish Power,18,_N
EH36,Scottish Power,18,_N
EH37,Scottish Power,18,_N
EH38,Scottish Power,18,_N
EH39,Scottish Power,18,_N
EH40,Scottish Power,18,_N
EH41,Scottish Power,18,_N
EH42,Scottish Power,18,_N
EH43,Scottish Power,18,_N
EH44,Scottish Power,18,_N
EH45,Scottish Power,18,_N
EH46,Scottish Power,18,_N
EH47,Scottish Power,18,_N
EH48,Scottish Power,18,_N
EH49,Scottish Power,18,_N
EH51,Scottish Power,18,_N
EH52,Scottish Power,18,_N
EH53,Scottish Power,18,_N
EH54,Scottish Power,18,_N
EH55,Scottish Power,18,_N
FK1,Scottish Power,18,_N
FK2,Scottish Power,18,_N
FK3,Scottish Power,18,_N
FK4,Scottish Power,18,_N
FK5,Scottish Power,18,_N
FK6,Scottish Power,18,_N
FK7,Scottish Power,18,_N
FK8,Scottish Power,18,_N
FK9,Scottish Power,18,_N
FK10,Scottish Power,18,_N
FK11,Scottish Power,18,_N
FK12,Scottish Power,18,_N
FK13,Scottish Power,18,_N
FK14,Scottish Power,18,_N
G11,Scottish Power,18,_N
G12,Scottish Power,18,_N
G13,Scottish Power,18,_N
G14,Scottish Power,18,_N
G15,Scottish Power,18,_N
G1,Scottish Power,18,_N
G2,Scottish Power,18,_N
G3,Scottish Power,18,_N
G4,Scottish Power,18,_N
G5,Scottish Power,18,_N
G20,Scottish Power,18,_N
G21,Scottish Power,18,_N
G22,Scottish Power,18,_N
G23,Scottish Power,18,_N
G31,Scottish Power,18,_N
G32,Scottish Power,18,_N
G33,Scottish Power,18,_N
G34,Scottish Power,18,_N
G40,Scottish Power,18,_N
G41,Scottish Power,18,_N
G42,Scottish Power,18,_N
G43,Scottish Power,18,_N
G44,Scottish Power,18,_N
G45,Scottish Power,18,_N
G46,Scottish Power,18,_N
G51,Scottish Power,18,_N
G52,Scottish Power,18,_N
G53,Scottish Power,18,_N
G58,Scottish Power,18,_N
G60,Scottish Power,18,_N
G61,Scottish Power,18,_N
G62,Scottish Power,18,_N
G63,Scottish Power,18,_N
G64,Scottish Power,18,_N
G65,Scottish Power,18,_N
G66,Scottish Power,18,_N
G67,Scottish Power,18,_N
G68,Scottish Power,18,_N
G69,Scottish Power,18,_N
G70,Scottish Power,18,_N
G71,Scottish Power,18,_N
G72,Scottish Power,18,_N
G73,Scottish Power,18,_N
G74,Scottish Power,18,_N
G75,Scottish Power,18,_N
G76,Scottish Power,18,_N
G77,Scottish Power,18,_N
G78,Scottish Power,18,_N
G79,Scottish Power,18,_N
G81,Scottish Power,18,_N
G82,Scottish Power,18,_N
KA1,Scottish Power,18,_N
KA2,Scottish Power,18,_N
KA3,Scottish Power,18,_N
KA4,Scottish Power,18,_N
KA5,Scottish Power,18,_N
KA6,Scottish Power,18,_N
KA7,Scottish Power,18,_N
KA8,Scottish Power,18,_N
KA9,Scottish Power,18,_N
KA10,Scottish Power,18,_N
KA11,Scottish Power,18,_N
KA12,Scottish Power,18,_N
KA13,Scottish Power,18,_N
KA14,Scottish Power,18,_N
KA15,Scottish Power,18,_N
KA16,Scottish Power,18,_N
KA17,Scottish Power,18,_N
KA18,Scottish Power,18,_N
KA19,Scottish Power,18,_N
KA20,Scottish Power,18,_N
KA21,Scottish Power,18,_N
KA22,Scottish Power,18,_N
KA23,Scottish Power,18,_N
KA24,Scottish Power,18,_N
KA25,Scottish Power,18,_N
KA26,Scottish Power,18,_N
KA29,Scottish Power,18,_N
KA30,Scottish Power,18,_N
KY1,Scottish Power,18,_N
KY2,Scottish Power,18,_N
KY3,Scottish Power,18,_N
KY4,Scottish Power,18,_N
KY5,Scottish Power,18,_N
KY6,Scottish Power,18,_N
KY7,Scottish Power,18,_N
KY8,Scottish Power,18,_N
KY9,Scottish Power,18,_N
KY10,Scottish Power,18,_N
KY11,Scottish Power,18,_N
KY12,Scottish Power,18,_N
KY14,Scottish Power,18,_N
KY15,Scottish Power,18,_N
KY16,Scottish Power,18,_N
ML1,Scottish Power,18,_N
ML2,Scottish Power,18,_N
ML3,Scottish Power,18,_N
ML4,Scottish Power,18,_N
ML5,Scottish Power,18,_N
ML6,Scottish Power,18,_N
ML7,Scottish Power,18,_N
ML8,Scottish Power,18,_N
ML9,Scottish Power,18,_N
ML10,Scottish Power,18,_N
ML11,Scottish Power,18,_N
ML12,Scottish Power,18,_N
PA1,Scottish Power,18,_N
PA2,Scottish Power,18,_N
PA3,Scottish Power,18,_N
PA4,Scottish Power,18,_N
PA5,Scottish Power,18,_N
PA6,Scottish Power,18,_N
PA7,Scottish Power,18,_N
PA8,Scottish Power,18,_N
PA9,Scottish Power,18,_N
PA10,Scottish Power,18,_N
PA11,Scottish Power,18,_N
PA12,Scottish Power,18,_N
PA13,Scottish Power,18,_N
PA14,Scottish Power,18,_N
PA15,Scottish Power,18,_N
PA16,Scottish Power,18,_N
PA17,Scottish Power,18,_N
PA18,Scottish Power,18,_N
PA19,Scottish Power,18,_N
TD1,Scottish Power,18,_N
TD2,Scottish Power,18,_N
TD3,Scottish Power,18,_N
TD4,Scottish Power,18,_N
TD5,Scottish Power,18,_N
TD6,Scottish Power,18,_N
TD7,Scottish Power,18,_N
TD8,Scottish Power,18,_N
TD9,Scottish Power,18,_N
TD10,Scottish Power,18,_N
TD11,Scottish Power,18,_N
TD12,Scottish Power,18,_N
TD13,Scottish Power,18,_N
TD14,Scottish Power,18,_N
TD15,Scottish Power,18,_N
BB1,Electricity North West,16,_G
BB2,Electricity North West,16,_G
BB3,Electricity North West,16,_G
BB4,Electricity North West,16,_G
BB5,Electricity North West,16,_G
BB6,Electricity North West,16,_G
BB7,Electricity North West,16,_G
BB9,Electricity North West,16,_G
BB10,Electricity North West,16,_G
BB11,Electricity North West,16,_G
BB12,Electricity North West,16,_G
BD24,Electricity North West,16,_G
BL0,Electricity North West,16,_G
BL1,Electricity North West,16,_G
BL2,Electricity North West,16,_G
BL3,Electricity North West,16,_G
BL4,Electricity North West,16,_G
BL5,Electricity North West,16,_G
BL6,Electricity North West,16,_G
BL7,Electricity North West,16,_G
BL8,Electricity North West,16,_G
BL9,Electricity North West,16,_G
CA1,Electricity North West,16,_G
CA2,Electricity North West,16,_G
CA3,Electricity North West,16,_G
CA4,Electricity North West,16,_G
CA5,Electricity North West,16,_G
CA6,Electricity North West,16,_G
CA7,Electricity North West,16,_G
CA8,Electricity North West,16,_G
CA9,Electricity North West,16,_G
CA10,Electricity North West,16,_G
CA11,Electricity North West,16,_G
CA12,Electricity North West,16,_G
CA13,Electricity North West,16,_G
CA14,Electricity North West,16,_G
CA15,Electricity North West,16,_G
CA16,Electricity North West,16,_G
CA17,Electricity North West,16,_G
CA18,Electricity North West,16,_G
CA19,Electricity North West,16,_G
CA20,Electricity North West,16,_G
CA21,Electricity North West,16,_G
CA22,Electricity North West,16,_G
CA23,Electricity North West,16,_G
CA24,Electricity North West,16,_G
CA25,Electricity North West,16,_G
CA26,Electricity North West,16,_G
CA27,Electricity North West,16,_G
CA28,Electricity North West,16,_G
FY1,Electricity North West,16,_G
FY2,Electricity North West,16,_G
FY3,Electricity North West,16,_G
FY4,Electricity North West,16,_G
FY5,Electricity North West,16,_G
FY6,Electricity North West,16,_G
FY7,Electricity North West,16,_G
FY8,Electricity North West,16,_G
L40,Electricity North West,16,_G
LA1,Electricity North West,16,_G
LA2,Electricity North West,16,_G
LA3,Electricity North West,16,_G
LA4,Electricity North West,16,_G
LA5,Electricity North West,16,_G
LA6,Electricity North West,16,_G
LA7,Electricity North West,16,_G
LA8,Electricity North West,16,_G
LA9,Electricity North West,16,_G
LA10,Electricity North West,16,_G
LA11,Electricity North West,16,_G
LA12,Electricity North West,16,_G
LA13,Electricity North West,16,_G
LA14,Electricity North West,16,_G
LA15,Electricity North West,16,_G
LA16,Electricity North West,16,_G
LA17,Electricity North West,16,_G
LA18,Electricity North West,16,_G
LA19,Electricity North West,16,_G
LA20,Electricity North West,16,_G
LA21,Electricity North West,16,_G
LA22,Electricity North West,16,_G
LA23,Electricity North West,16,_G
M11,Electricity North West,16,_G
M12,Electricity North West,16,_G
M13,Electricity North West,16,_G
M14,Electricity North West,16,_G
M15,Electricity North West,16,_G
M16,Electricity North West,16,_G
M17,Electricity North West,16,_G
M18,Electricity North West,16,_G
M19,Electricity North West,16,_G
M20,Electricity North West,16,_G
M21,Electricity North West,16,_G
M22,Electricity North West,16,_G
M23,Electricity North West,16,_G
M24,Electricity North West,16,_G
M25,Electricity North West,16,_G
M26,Electricity North West,16,_G
M27,Electricity North West,16,_G
M28,Electricity North West,16,_G
M29,Electricity North West,16,_G
M30,Electricity North West,16,_G
M31,Electricity North West,16,_G
M32,Electricity North West,16,_G
M33,Electricity North West,16,_G
M34,Electricity North West,16,_G
M35,Electricity North West,16,_G
M38,Electricity North West,16,_G
M1,Electricity North West,16,_G
M2,Electricity North West,16,_G
M3,Electricity North West,16,_G
M4,Electricity North West,16,_G
M5,Electricity North West,16,_G
M6,Electricity North West,16,_G
M7,Electricity North West,16,_G
M8,Electricity North West,16,_G
M9,Electricity North West,16,_G
M40,Electricity North West,16,_G
M41,Electricity North West,16,_G
M43,Electricity North West,16,_G
M44,Electricity North West,16,_G
M45,Electricity North West,16,_G
M46,Electricity North West,16,_G
M60,Electricity North West,16,_G
M90,Electricity North West,16,_G
OL1,Electricity North West,16,_G
OL2,Electricity North West,16,_G
OL3,Electricity North West,16,_G
OL4,Electricity North West,16,_G
OL5,Electricity North West,16,_G
OL6,Electricity North West,16,_G
OL7,Electricity North West,16,_G
OL8,Electricity North West,16,_G
OL9,Electricity North West,16,_G
OL10,Electricity North West,16,_G
OL11,Electricity North West,16,_G
OL12,Electricity North West,16,_G
OL15,Electricity North West,16,_G
OL16,Electricity North West,16,_G
PR1,Electricity North West,16,_G
PR2,Electricity North West,16,_G
PR3,Electricity North West,16,_G
PR4,Electricity North West,16,_G
PR5,Electricity North West,16,_G
PR6,Electricity North West,16,_G
PR7,Electricity North West,16,_G
SK1,Electricity North West,16,_G
SK2,Electricity North West,16,_G
SK3,Electricity North West,16,_G
SK4,Electricity North West,16,_G
SK5,Electricity North West,16,_G
SK6,Electricity North West,16,_G
SK7,Electricity North West,16,_G
SK8,Electricity North West,16,_G
SK9,Electricity North West,16,_G
SK10,Electricity North West,16,_G
SK11,Electricity North West,16,_G
SK12,Electricity North West,16,_G
SK13,Electricity North West,16,_G
SK14,Electricity North West,16,_G
SK15,Electricity North West,16,_G
SK16,Electricity North West,16,_G
SK17,Electricity North West,16,_G
WA12,Electricity North West,16,_G
WA13,Electricity North West,16,_G
WA14,Electricity North West,16,_G
WA15,Electricity North West,16,_G
WA3,Electricity North West,16,_G
WN1,Electricity North West,16,_G
WN2,Electricity North West,16,_G
WN3,Electricity North West,16,_G
WN4,Electricity North West,16,_G
WN5,Electricity North West,16,_G
WN6,Electricity North West,16,_G
WN7,Electricity North West,16,_G
WN8,Electricity North West,16,_G
DH1,Northern Electric,15,_F
DH2,Northern Electric,15,_F
DH3,Northern Electric,15,_F
DH4,Northern Electric,15,_F
DH5,Northern Electric,15,_F
DH6,Northern Electric,15,_F
DH7,Northern Electric,15,_F
DH8,Northern Electric,15,_F
DH9,Northern Electric,15,_F
DL1,Northern Electric,15,_F
DL2,Northern Electric,15,_F
DL3,Northern Electric,15,_F
DL4,Northern Electric,15,_F
DL5,Northern Electric,15,_F
DL6,Northern Electric,15,_F
DL7,Northern Electric,15,_F
DL8,Northern Electric,15,_F
DL9,Northern Electric,15,_F
DL10,Northern Electric,15,_F
DL11,Northern Electric,15,_F
DL12,Northern Electric,15,_F
DL13,Northern Electric,15,_F
DL14,Northern Electric,15,_F
DL15,Northern Electric,15,_F
DL16,Northern Electric,15,_F
DL17,Northern Electric,15,_F
HG1,Northern Electric,15,_F
HG2,Northern Electric,15,_F
HG3,Northern Electric,15,_F
HG4,Northern Electric,15,_F
HG5,Northern Electric,15,_F
NE1,Northern Electric,15,_F
NE2,Northern Electric,15,_F
NE3,Northern Electric,15,_F
NE4,Northern Electric,15,_F
NE5,Northern Electric,15,_F
NE6,Northern Electric,15,_F
NE7,Northern Electric,15,_F
NE8,Northern Electric,15,_F
NE9,Northern Electric,15,_F
NE10,Northern Electric,15,_F
NE11,Northern Electric,15,_F
NE12,Northern Electric,15,_F
NE13,Northern Electric,15,_F
NE15,Northern Electric,15,_F
NE16,Northern Electric,15,_F
NE17,Northern Electric,15,_F
NE18,Northern Electric,15,_F
NE19,Northern Electric,15,_F
NE20,Northern Electric,15,_F
NE21,Northern Electric,15,_F
NE22,Northern Electric,15,_F
NE23,Northern Electric,15,_F
NE24,Northern Electric,15,_F
NE25,Northern Electric,15,_F
NE26,Northern Electric,15,_F
NE27,Northern Electric,15,_F
NE28,Northern Electric,15,_F
NE29,Northern Electric,15,_F
NE30,Northern Electric,15,_F
NE31,Northern Electric,15,_F
NE32,Northern Electric,15,_F
NE33,Northern Electric,15,_F
NE34,Northern Electric,15,_F
NE35,Northern Electric,15,_F
NE36,Northern Electric,15,_F
NE37,Northern Electric,15,_F
NE38,Northern Electric,15,_F
NE39,Northern Electric,15,_F
NE40,Northern Electric,15,_F
NE41,Northern Electric,15,_F
NE42,Northern Electric,15,_F
NE43,Northern Electric,15,_F
NE44,Northern Electric,15,_F
NE45,Northern Electric,15,_F
NE46,Northern Electric,15,_F
NE47,Northern Electric,15,_F
NE48,Northern Electric,15,_F
NE49,Northern Electric,15,_F
NE61,Northern Electric,15,_F
NE62,Northern Electric,15,_F
NE63,Northern Electric,15,_F
NE64,Northern Electric,15,_F
NE65,Northern Electric,15,_F
NE66,Northern Electric,15,_F
NE67,Northern Electric,15,_F
NE68,Northern Electric,15,_F
NE69,Northern Electric,15,_F
NE70,Northern Electric,15,_F
NE71,Northern Electric,15,_F
NE99,Northern Electric,15,_F
SR1,Northern Electric,15,_F
SR2,Northern Electric,15,_F
SR3,Northern Electric,15,_F
SR4,Northern Electric,15,_F
SR5,Northern Electric,15,_F
SR6,Northern Electric,15,_F
SR7,Northern Electric,15,_F
SR8,Northern Electric,15,_F
TS1,Northern Electric,15,_F
TS2,Northern Electric,15,_F
TS3,Northern Electric,15,_F
TS4,Northern Electric,15,_F
TS5,Northern Electric,15,_F
TS6,Northern Electric,15,_F
TS7,Northern Electric,15,_F
TS8,Northern Electric,15,_F
TS9,Northern Electric,15,_F
TS10,Northern Electric,15,_F
TS11,Northern Electric,15,_F
TS12,Northern Electric,15,_F
TS13,Northern Electric,15,_F
TS14,Northern Electric,15,_F
TS15,Northern Electric,15,_F
TS16,Northern Electric,15,_F
TS17,Northern Electric,15,_F
TS18,Northern Electric,15,_F
TS19,Northern Electric,15,_F
TS20,Northern Electric,15,_F
TS21,Northern Electric,15,_F
TS22,Northern Electric,15,_F
TS23,Northern Electric,15,_F
TS24,Northern Electric,15,_F
TS25,Northern Electric,15,_F
TS26,Northern Electric,15,_F
TS27,Northern Electric,15,_F
TS28,Northern Electric,15,_F
TS29,Northern Electric,15,_F
YO1,Northern Electric,15,_F
YO2,Northern Electric,15,_F
YO3,Northern Electric,15,_F
YO5,Northern Electric,15,_F
YO6,Northern Electric,15,_F
YO7,Northern Electric,15,_F
YO8,Northern Electric,15,_F
YO11,Northern Electric,15,_F
YO12,Northern Electric,15,_F
YO13,Northern Electric,15,_F
YO14,Northern Electric,15,_F
YO17,Northern Electric,15,_F
YO18,Northern Electric,15,_F
YO21,Northern Electric,15,_F
YO22,Northern Electric,15,_F
YO25,Northern Electric,15,_F
BB8,Yorkshire Electricity,23,_M
BD1,Yorkshire Electricity,23,_M
BD2,Yorkshire Electricity,23,_M
BD3,Yorkshire Electricity,23,_M
BD4,Yorkshire Electricity,23,_M
BD5,Yorkshire Electricity,23,_M
BD6,Yorkshire Electricity,23,_M
BD7,Yorkshire Electricity,23,_M
BD8,Yorkshire Electricity,23,_M
BD9,Yorkshire Electricity,23,_M
BD10,Yorkshire Electricity,23,_M
BD11,Yorkshire Electricity,23,_M
BD12,Yorkshire Electricity,23,_M
BD13,Yorkshire Electricity,23,_M
BD14,Yorkshire Electricity,23,_M
BD15,Yorkshire Electricity,23,_M
BD16,Yorkshire Electricity,23,_M
BD17,Yorkshire Electricity,23,_M
BD18,Yorkshire Electricity,23,_M
BD19,Yorkshire Electricity,23,_M
BD20,Yorkshire Electricity,23,_M
BD21,Yorkshire Electricity,23,_M
BD22,Yorkshire Electricity,23,_M
BD23,Yorkshire Electricity,23,_M
DN1,Yorkshire Electricity,23,_M
DN2,Yorkshire Electricity,23,_M
DN3,Yorkshire Electricity,23,_M
DN4,Yorkshire Electricity,23,_M
DN5,Yorkshire Electricity,23,_M
DN6,Yorkshire Electricity,23,_M
DN7,Yorkshire Electricity,23,_M
DN8,Yorkshire Electricity,23,_M
DN9,Yorkshire Electricity,23,_M
DN10,Yorkshire Electricity,23,_M
DN11,Yorkshire Electricity,23,_M
DN12,Yorkshire Electricity,23,_M
DN14,Yorkshire Electricity,23,_M
DN15,Yorkshire Electricity,23,_M
DN16,Yorkshire Electricity,23,_M
DN17,Yorkshire Electricity,23,_M
DN18,Yorkshire Electricity,23,_M
DN19,Yorkshire Electricity,23,_M
DN31,Yorkshire Electricity,23,_M
DN32,Yorkshire Electricity,23,_M
DN33,Yorkshire Electricity,23,_M
DN34,Yorkshire Electricity,23,_M
DN35,Yorkshire Electricity,23,_M
DN36,Yorkshire Electricity,23,_M
DN37,Yorkshire Electricity,23,_M
DN38,Yorkshire Electricity,23,_M
DN39,Yorkshire Electricity,23,_M
DN40,Yorkshire Electricity,23,_M
HD1,Yorkshire Electricity,23,_M
HD2,Yorkshire Electricity,23,_M
HD3,Yorkshire Electricity,23,_M
HD4,Yorkshire Electricity,23,_M
HD5,Yorkshire Electricity,23,_M
HD6,Yorkshire Electricity,23,_M
HD7,Yorkshire Electricity,23,_M
HD8,Yorkshire Electricity,23,_M
HU1,Yorkshire Electricity,23,_M
HU2,Yorkshire Electricity,23,_M
HU3,Yorkshire Electricity,23,_M
HU4,Yorkshire Electricity,23,_M
HU5,Yorkshire Electricity,23,_M
HU6,Yorkshire Electricity,23,_M
HU7,Yorkshire Electricity,23,_M
HU8,Yorkshire Electricity,23,_M
HU9,Yorkshire Electricity,23,_M
HU10,Yorkshire Electricity,23,_M
HU11,Yorkshire Electricity,23,_M
HU12,Yorkshire Electricity,23,_M
HU13,Yorkshire Electricity,23,_M
HU14,Yorkshire Electricity,23,_M
HU15,Yorkshire Electricity,23,_M
HU16,Yorkshire Electricity,23,_M
HU17,Yorkshire Electricity,23,_M
HU18,Yorkshire Electricity,23,_M
HU19,Yorkshire Electricity,23,_M
HU20,Yorkshire Electricity,23,_M
HX1,Yorkshire Electricity,23,_M
HX2,Yorkshire Electricity,23,_M
HX3,Yorkshire Electricity,23,_M
HX4,Yorkshire Electricity,23,_M
HX5,Yorkshire Electricity,23,_M
HX6,Yorkshire Electricity,23,_M
HX7,Yorkshire Electricity,23,_M
LN7,Yorkshire Electricity,23,_M
LS1,Yorkshire Electricity,23,_M
LS2,Yorkshire Electricity,23,_M
LS3,Yorkshire Electricity,23,_M
LS4,Yorkshire Electricity,23,_M
LS5,Yorkshire Electricity,23,_M
LS6,Yorkshire Electricity,23,_M
LS7,Yorkshire Electricity,23,_M
LS8,Yorkshire Electricity,23,_M
LS9,Yorkshire Electricity,23,_M
LS10,Yorkshire Electricity,23,_M
LS11,Yorkshire Electricity,23,_M
LS12,Yorkshire Electricity,23,_M
LS13,Yorkshire Electricity,23,_M
LS14,Yorkshire Electricity,23,_M
LS15,Yorkshire Electricity,23,_M
LS16,Yorkshire Electricity,23,_M
LS17,Yorkshire Electricity,23,_M
LS18,Yorkshire Electricity,23,_M
LS19,Yorkshire Electricity,23,_M
LS20,Yorkshire Electricity,23,_M
LS21,Yorkshire Electricity,23,_M
LS22,Yorkshire Electricity,23,_M
LS23,Yorkshire Electricity,23,_M
LS24,Yorkshire Electricity,23,_M
LS25,Yorkshire Electricity,23,_M
LS26,Yorkshire Electricity,23,_M
LS27,Yorkshire Electricity,23,_M
LS28,Yorkshire Electricity,23,_M
LS29,Yorkshire Electricity,23,_M
OL14,Yorkshire Electricity,23,_M
S1,Yorkshire Electricity,23,_M
S2,Yorkshire Electricity,23,_M
S3,Yorkshire Electricity,23,_M
S4,Yorkshire Electricity,23,_M
S5,Yorkshire Electricity,23,_M
S6,Yorkshire Electricity,23,_M
S7,Yorkshire Electricity,23,_M
S8,Yorkshire Electricity,23,_M
S9,Yorkshire Electricity,23,_M
S10,Yorkshire Electricity,23,_M
S11,Yorkshire Electricity,23,_M
S12,Yorkshire Electricity,23,_M
S13,Yorkshire Electricity,23,_M
S14,Yorkshire Electricity,23,_M
S17,Yorkshire Electricity,23,_M
S18,Yorkshire Electricity,23,_M
S19,Yorkshire Electricity,23,_M
S30,Yorkshire Electricity,23,_M
S31,Yorkshire Electricity,23,_M
S60,Yorkshire Electricity,23,_M
S61,Yorkshire Electricity,23,_M
S62,Yorkshire Electricity,23,_M
S63,Yorkshire Electricity,23,_M
S64,Yorkshire Electricity,23,_M
S65,Yorkshire Electricity,23,_M
S66,Yorkshire Electricity,23,_M
S70,Yorkshire Electricity,23,_M
S71,Yorkshire Electricity,23,_M
S72,Yorkshire Electricity,23,_M
S73,Yorkshire Electricity,23,_M
S74,Yorkshire Electricity,23,_M
S75,Yorkshire Electricity,23,_M
WF1,Yorkshire Electricity,23,_M
WF2,Yorkshire Electricity,23,_M
WF3,Yorkshire Electricity,23,_M
WF4,Yorkshire Electricity,23,_M
WF5,Yorkshire Electricity,23,_M
WF6,Yorkshire Electricity,23,_M
WF7,Yorkshire Electricity,23,_M
WF8,Yorkshire Electricity,23,_M
WF9,Yorkshire Electricity,23,_M
WF10,Yorkshire Electricity,23,_M
WF11,Yorkshire Electricity,23,_M
WF12,Yorkshire Electricity,23,_M
WF13,Yorkshire Electricity,23,_M
WF14,Yorkshire Electricity,23,_M
WF15,Yorkshire Electricity,23,_M
WF16,Yorkshire Electricity,23,_M
WF17,Yorkshire Electricity,23,_M
YO15,Yorkshire Electricity,23,_M
YO16,Yorkshire Electricity,23,_M
YO4,Yorkshire Electricity,23,_M
CH1,Manweb,13,_D
CH2,Manweb,13,_D
CH3,Manweb,13,_D
CH4,Manweb,13,_D
CH5,Manweb,13,_D
CH6,Manweb,13,_D
CH7,Manweb,13,_D
CH8,Manweb,13,_D
CW1,Manweb,13,_D
CW2,Manweb,13,_D
CW3,Manweb,13,_D
CW4,Manweb,13,_D
CW5,Manweb,13,_D
CW6,Manweb,13,_D
CW7,Manweb,13,_D
CW8,Manweb,13,_D
CW9,Manweb,13,_D
CW10,Manweb,13,_D
CW11,Manweb,13,_D
L1,Manweb,13,_D
L2,Manweb,13,_D
L3,Manweb,13,_D
L4,Manweb,13,_D
L5,Manweb,13,_D
L6,Manweb,13,_D
L7,Manweb,13,_D
L8,Manweb,13,_D
L9,Manweb,13,_D
L10,Manweb,13,_D
L11,Manweb,13,_D
L12,Manweb,13,_D
L13,Manweb,13,_D
L14,Manweb,13,_D
L15,Manweb,13,_D
L16,Manweb,13,_D
L17,Manweb,13,_D
L18,Manweb,13,_D
L19,Manweb,13,_D
L20,Manweb,13,_D
L21,Manweb,13,_D
L22,Manweb,13,_D
L23,Manweb,13,_D
L24,Manweb,13,_D
L25,Manweb,13,_D
L26,Manweb,13,_D
L27,Manweb,13,_D
L28,Manweb,13,_D
L29,Manweb,13,_D
L30,Manweb,13,_D
L31,Manweb,13,_D
L32,Manweb,13,_D
L33,Manweb,13,_D
L34,Manweb,13,_D
L35,Manweb,13,_D
L36,Manweb,13,_D
L37,Manweb,13,_D
L38,Manweb,13,_D
L39,Manweb,13,_D
L41,Manweb,13,_D
L42,Manweb,13,_D
L43,Manweb,13,_D
L44,Manweb,13,_D
L45,Manweb,13,_D
L46,Manweb,13,_D
L47,Manweb,13,_D
L48,Manweb,13,_D
L49,Manweb,13,_D
L60,Manweb,13,_D
L61,Manweb,13,_D
L62,Manweb,13,_D
L63,Manweb,13,_D
L64,Manweb,13,_D
L65,Manweb,13,_D
L66,Manweb,13,_D
L67,Manweb,13,_D
L68,Manweb,13,_D
L69,Manweb,13,_D
L70,Manweb,13,_D
L72,Manweb,13,_D
LL11,Manweb,13,_D
LL12,Manweb,13,_D
LL13,Manweb,13,_D
LL14,Manweb,13,_D
LL15,Manweb,13,_D
LL16,Manweb,13,_D
LL17,Manweb,13,_D
LL18,Manweb,13,_D
LL19,Manweb,13,_D
LL20,Manweb,13,_D
LL21,Manweb,13,_D
LL22,Manweb,13,_D
LL23,Manweb,13,_D
LL24,Manweb,13,_D
LL25,Manweb,13,_D
LL26,Manweb,13,_D
LL27,Manweb,13,_D
LL28,Manweb,13,_D
LL29,Manweb,13,_D
LL30,Manweb,13,_D
LL31,Manweb,13,_D
LL32,Manweb,13,_D
LL33,Manweb,13,_D
LL34,Manweb,13,_D
LL35,Manweb,13,_D
LL36,Manweb,13,_D
LL37,Manweb,13,_D
LL38,Manweb,13,_D
LL39,Manweb,13,_D
LL40,Manweb,13,_D
LL41,Manweb,13,_D
LL42,Manweb,13,_D
LL43,Manweb,13,_D
LL44,Manweb,13,_D
LL45,Manweb,13,_D
LL46,Manweb,13,_D
LL47,Manweb,13,_D
LL48,Manweb,13,_D
LL49,Manweb,13,_D
LL51,Manweb,13,_D
LL52,Manweb,13,_D
LL53,Manweb,13,_D
LL54,Manweb,13,_D
LL55,Manweb,13,_D
LL56,Manweb,13,_D
LL57,Manweb,13,_D
LL58,Manweb,13,_D
LL59,Manweb,13,_D
LL60,Manweb,13,_D
LL61,Manweb,13,_D
LL62,Manweb,13,_D
LL63,Manweb,13,_D
LL64,Manweb,13,_D
LL65,Manweb,13,_D
LL66,Manweb,13,_D
LL67,Manweb,13,_D
LL68,Manweb,13,_D
LL69,Manweb,13,_D
LL70,Manweb,13,_D
LL71,Manweb,13,_D
LL72,Manweb,13,_D
LL73,Manweb,13,_D
LL74,Manweb,13,_D
LL75,Manweb,13,_D
LL76,Manweb,13,_D
LL77,Manweb,13,_D
LL78,Manweb,13,_D
LL7,Manweb,13,_D
PR8,Manweb,13,_D
PR9,Manweb,13,_D
SY10,Manweb,13,_D
SY11,Manweb,13,_D
SY12,Manweb,13,_D
SY13,Manweb,13,_D
SY14,Manweb,13,_D
SY16,Manweb,13,_D
SY17,Manweb,13,_D
SY18,Manweb,13,_D
SY19,Manweb,13,_D
SY20,Manweb,13,_D
SY21,Manweb,13,_D
SY22,Manweb,13,_D
SY23,Manweb,13,_D
SY24,Manweb,13,_D
WA1,Manweb,13,_D
WA2,Manweb,13,_D
WA4,Manweb,13,_D
WA5,Manweb,13,_D
WA6,Manweb,13,_D
WA7,Manweb,13,_D
WA8,Manweb,13,_D
WA9,Manweb,13,_D
WA10,Manweb,13,_D
WA11,Manweb,13,_D
WA16,Manweb,13,_D
B77,East Midlands Electricity,11,_B
B78,East Midlands Electricity,11,_B
B79,East Midlands Electricity,11,_B
CV1,East Midlands Electricity,11,_B
CV2,East Midlands Electricity,11,_B
CV3,East Midlands Electricity,11,_B
CV4,East Midlands Electricity,11,_B
CV5,East Midlands Electricity,11,_B
CV6,East Midlands Electricity,11,_B
CV7,East Midlands Electricity,11,_B
CV8,East Midlands Electricity,11,_B
CV9,East Midlands Electricity,11,_B
CV10,East Midlands Electricity,11,_B
CV11,East Midlands Electricity,11,_B
CV12,East Midlands Electricity,11,_B
CV13,East Midlands Electricity,11,_B
CV21,East Midlands Electricity,11,_B
CV22,East Midlands Electricity,11,_B
CV23,East Midlands Electricity,11,_B
CV31,East Midlands Electricity,11,_B
CV32,East Midlands Electricity,11,_B
CV33,East Midlands Electricity,11,_B
CV34,East Midlands Electricity,11,_B
CV35,East Midlands Electricity,11,_B
DE11,East Midlands Electricity,11,_B
DE12,East Midlands Electricity,11,_B
DE13,East Midlands Electricity,11,_B
DE14,East Midlands Electricity,11,_B
DE15,East Midlands Electricity,11,_B
DE1,East Midlands Electricity,11,_B
DE2,East Midlands Electricity,11,_B
DE3,East Midlands Electricity,11,_B
DE4,East Midlands Electricity,11,_B
DE5,East Midlands Electricity,11,_B
DE6,East Midlands Electricity,11,_B
DE7,East Midlands Electricity,11,_B
DE21,East Midlands Electricity,11,_B
DE22,East Midlands Electricity,11,_B
DE23,East Midlands Electricity,11,_B
DE24,East Midlands Electricity,11,_B
DE45,East Midlands Electricity,11,_B
DE,East Midlands Electricity,11,_B
DE55,East Midlands Electricity,11,_B
DE56,East Midlands Electricity,11,_B
DE65,East Midlands Electricity,11,_B
DE72,East Midlands Electricity,11,_B
DE73,East Midlands Electricity,11,_B
DE74,East Midlands Electricity,11,_B
DE75,East Midlands Electricity,11,_B
DN20,East Midlands Electricity,11,_B
DN21,East Midlands Electricity,11,_B
DN22,East Midlands Electricity,11,_B
LE1,East Midlands Electricity,11,_B
LE2,East Midlands Electricity,11,_B
LE3,East Midlands Electricity,11,_B
LE4,East Midlands Electricity,11,_B
LE5,East Midlands Electricity,11,_B
LE6,East Midlands Electricity,11,_B
LE7,East Midlands Electricity,11,_B
LE8,East Midlands Electricity,11,_B
LE9,East Midlands Electricity,11,_B
LE10,East Midlands Electricity,11,_B
LE11,East Midlands Electricity,11,_B
LE12,East Midlands Electricity,11,_B
LE13,East Midlands Electricity,11,_B
LE14,East Midlands Electricity,11,_B
LE15,East Midlands Electricity,11,_B
LE16,East Midlands Electricity,11,_B
LE17,East Midlands Electricity,11,_B
LE18,East Midlands Electricity,11,_B
LE65,East Midlands Electricity,11,_B
LE67,East Midlands Electricity,11,_B
LN1,East Midlands Electricity,11,_B
LN2,East Midlands Electricity,11,_B
LN3,East Midlands Electricity,11,_B
LN4,East Midlands Electricity,11,_B
LN5,East Midlands Electricity,11,_B
LN6,East Midlands Electricity,11,_B
LN8,East Midlands Electricity,11,_B
LN9,East Midlands Electricity,11,_B
LN10,East Midlands Electricity,11,_B
LN11,East Midlands Electricity,11,_B
LN12,East Midlands Electricity,11,_B
LN13,East Midlands Electricity,11,_B
MK1,East Midlands Electricity,11,_B
MK2,East Midlands Electricity,11,_B
MK3,East Midlands Electricity,11,_B
MK4,East Midlands Electricity,11,_B
MK5,East Midlands Electricity,11,_B
MK6,East Midlands Electricity,11,_B
MK7,East Midlands Electricity,11,_B
MK8,East Midlands Electricity,11,_B
MK9,East Midlands Electricity,11,_B
MK10,East Midlands Electricity,11,_B
MK11,East Midlands Electricity,11,_B
MK12,East Midlands Electricity,11,_B
MK13,East Midlands Electricity,11,_B
MK14,East Midlands Electricity,11,_B
MK15,East Midlands Electricity,11,_B
MK16,East Midlands Electricity,11,_B
MK17,East Midlands Electricity,11,_B
MK18,East Midlands Electricity,11,_B
MK19,East Midlands Electricity,11,_B
MK43,East Midlands Electricity,11,_B
MK46,East Midlands Electricity,11,_B
NG1,East Midlands Electricity,11,_B
NG2,East Midlands Electricity,11,_B
NG3,East Midlands Electricity,11,_B
NG4,East Midlands Electricity,11,_B
NG5,East Midlands Electricity,11,_B
NG6,East Midlands Electricity,11,_B
NG7,East Midlands Electricity,11,_B
NG8,East Midlands Electricity,11,_B
NG9,East Midlands Electricity,11,_B
NG10,East Midlands Electricity,11,_B
NG11,East Midlands Electricity,11,_B
NG12,East Midlands Electricity,11,_B
NG13,East Midlands Electricity,11,_B
NG14,East Midlands Electricity,11,_B
NG15,East Midlands Electricity,11,_B
NG16,East Midlands Electricity,11,_B
NG17,East Midlands Electricity,11,_B
NG18,East Midlands Electricity,11,_B
NG19,East Midlands Electricity,11,_B
NG20,East Midlands Electricity,11,_B
NG21,East Midlands Electricity,11,_B
NG22,East Midlands Electricity,11,_B
NG23,East Midlands Electricity,11,_B
NG24,East Midlands Electricity,11,_B
NG25,East Midlands Electricity,11,_B
NG31,East Midlands Electricity,11,_B
NG32,East Midlands Electricity,11,_B
NG33,East Midlands Electricity,11,_B
NG34,East Midlands Electricity,11,_B
NN1,East Midlands Electricity,11,_B
NN2,East Midlands Electricity,11,_B
NN3,East Midlands Electricity,11,_B
NN4,East Midlands Electricity,11,_B
NN5,East Midlands Electricity,11,_B
NN6,East Midlands Electricity,11,_B
NN7,East Midlands Electricity,11,_B
NN8,East Midlands Electricity,11,_B
NN9,East Midlands Electricity,11,_B
NN10,East Midlands Electricity,11,_B
NN11,East Midlands Electricity,11,_B
NN12,East Midlands Electricity,11,_B
NN13,East Midlands Electricity,11,_B
NN14,East Midlands Electricity,11,_B
NN15,East Midlands Electricity,11,_B
NN16,East Midlands Electricity,11,_B
NN17,East Midlands Electricity,11,_B
NN18,East Midlands Electricity,11,_B
OX17,East Midlands Electricity,11,_B
PE20,East Midlands Electricity,11,_B
PE21,East Midlands Electricity,11,_B
PE22,East Midlands Electricity,11,_B
PE23,East Midlands Electricity,11,_B
PE24,East Midlands Electricity,11,_B
PE25,East Midlands Electricity,11,_B
PE5,East Midlands Electricity,11,_B
PE6,East Midlands Electricity,11,_B
PE,East Midlands Electricity,11,_B
PE8,East Midlands Electricity,11,_B
PE9,East Midlands Electricity,11,_B
PE10,East Midlands Electricity,11,_B
PE11,East Midlands Electricity,11,_B
PE12,East Midlands Electricity,11,_B
S40,East Midlands Electricity,11,_B
S41,East Midlands Electricity,11,_B
S42,East Midlands Electricity,11,_B
S43,East Midlands Electricity,11,_B
S44,East Midlands Electricity,11,_B
S45,East Midlands Electricity,11,_B
S80,East Midlands Electricity,11,_B
S81,East Midlands Electricity,11,_B
B1,Midlands Electricity,14,_E
B2,Midlands Electricity,14,_E
B3,Midlands Electricity,14,_E
B4,Midlands Electricity,14,_E
B5,Midlands Electricity,14,_E
B6,Midlands Electricity,14,_E
B7,Midlands Electricity,14,_E
B8,Midlands Electricity,14,_E
B9,Midlands Electricity,14,_E
B10,Midlands Electricity,14,_E
B11,Midlands Electricity,14,_E
B12,Midlands Electricity,14,_E
B13,Midlands Electricity,14,_E
B14,Midlands Electricity,14,_E
B15,Midlands Electricity,14,_E
B16,Midlands Electricity,14,_E
B17,Midlands Electricity,14,_E
B18,Midlands Electricity,14,_E
B19,Midlands Electricity,14,_E
B20,Midlands Electricity,14,_E
B21,Midlands Electricity,14,_E
B23,Midlands Electricity,14,_E
B24,Midlands Electricity,14,_E
B25,Midlands Electricity,14,_E
B26,Midlands Electricity,14,_E
B27,Midlands Electricity,14,_E
B28,Midlands Electricity,14,_E
B29,Midlands Electricity,14,_E
B30,Midlands Electricity,14,_E
B31,Midlands Electricity,14,_E
B32,Midlands Electricity,14,_E
B33,Midlands Electricity,14,_E
B34,Midlands Electricity,14,_E
B35,Midlands Electricity,14,_E
B36,Midlands Electricity,14,_E
B37,Midlands Electricity,14,_E
B38,Midlands Electricity,14,_E
B40,Midlands Electricity,14,_E
B42,Midlands Electricity,14,_E
B43,Midlands Electricity,14,_E
B44,Midlands Electricity,14,_E
B45,Midlands Electricity,14,_E
B46,Midlands Electricity,14,_E
B47,Midlands Electricity,14,_E
B48,Midlands Electricity,14,_E
B49,Midlands Electricity,14,_E
B50,Midlands Electricity,14,_E
B60,Midlands Electricity,14,_E
B61,Midlands Electricity,14,_E
B62,Midlands Electricity,14,_E
B63,Midlands Electricity,14,_E
B64,Midlands Electricity,14,_E
B65,Midlands Electricity,14,_E
B66,Midlands Electricity,14,_E
B67,Midlands Electricity,14,_E
B68,Midlands Electricity,14,_E
B69,Midlands Electricity,14,_E
B70,Midlands Electricity,14,_E
B71,Midlands Electricity,14,_E
B72,Midlands Electricity,14,_E
B73,Midlands Electricity,14,_E
B74,Midlands Electricity,14,_E
B75,Midlands Electricity,14,_E
B76,Midlands Electricity,14,_E
B80,Midlands Electricity,14,_E
B90,Midlands Electricity,14,_E
B91,Midlands Electricity,14,_E
B92,Midlands Electricity,14,_E
B93,Midlands Electricity,14,_E
B94,Midlands Electricity,14,_E
B95,Midlands Electricity,14,_E
B96,Midlands Electricity,14,_E
B97,Midlands Electricity,14,_E
B98,Midlands Electricity,14,_E
BS17,Midlands Electricity,14,_E
CV36,Midlands Electricity,14,_E
CV37,Midlands Electricity,14,_E
CW12,Midlands Electricity,14,_E
DY1,Midlands Electricity,14,_E
DY2,Midlands Electricity,14,_E
DY3,Midlands Electricity,14,_E
DY4,Midlands Electricity,14,_E
DY5,Midlands Electricity,14,_E
DY6,Midlands Electricity,14,_E
DY7,Midlands Electricity,14,_E
DY8,Midlands Electricity,14,_E
DY9,Midlands Electricity,14,_E
DY10,Midlands Electricity,14,_E
DY11,Midlands Electricity,14,_E
DY12,Midlands Electricity,14,_E
DY13,Midlands Electricity,14,_E
DY14,Midlands Electricity,14,_E
GL1,Midlands Electricity,14,_E
GL2,Midlands Electricity,14,_E
GL3,Midlands Electricity,14,_E
GL4,Midlands Electricity,14,_E
GL5,Midlands Electricity,14,_E
GL6,Midlands Electricity,14,_E
GL50,Midlands Electricity,14,_E
GL51,Midlands Electricity,14,_E
GL52,Midlands Electricity,14,_E
GL53,Midlands Electricity,14,_E
GL54,Midlands Electricity,14,_E
GL55,Midlands Electricity,14,_E
GL56,Midlands Electricity,14,_E
GL9,Midlands Electricity,14,_E
GL10,Midlands Electricity,14,_E
GL11,Midlands Electricity,14,_E
GL12,Midlands Electricity,14,_E
GL13,Midlands Electricity,14,_E
GL14,Midlands Electricity,14,_E
GL15,Midlands Electricity,14,_E
GL16,Midlands Electricity,14,_E
GL17,Midlands Electricity,14,_E
GL18,Midlands Electricity,14,_E
GL19,Midlands Electricity,14,_E
GL20,Midlands Electricity,14,_E
HR1,Midlands Electricity,14,_E
HR2,Midlands Electricity,14,_E
HR3,Midlands Electricity,14,_E
HR4,Midlands Electricity,14,_E
HR6,Midlands Electricity,14,_E
HR7,Midlands Electricity,14,_E
HR8,Midlands Electricity,14,_E
OX7,Midlands Electricity,14,_E
OX15,Midlands Electricity,14,_E
OX16,Midlands Electricity,14,_E
ST1,Midlands Electricity,14,_E
ST2,Midlands Electricity,14,_E
ST3,Midlands Electricity,14,_E
ST4,Midlands Electricity,14,_E
ST5,Midlands Electricity,14,_E
ST6,Midlands Electricity,14,_E
ST7,Midlands Electricity,14,_E
ST8,Midlands Electricity,14,_E
ST9,Midlands Electricity,14,_E
ST10,Midlands Electricity,14,_E
ST11,Midlands Electricity,14,_E
ST12,Midlands Electricity,14,_E
ST13,Midlands Electricity,14,_E
ST14,Midlands Electricity,14,_E
ST15,Midlands Electricity,14,_E
ST16,Midlands Electricity,14,_E
ST17,Midlands Electricity,14,_E
ST18,Midlands Electricity,14,_E
ST19,Midlands Electricity,14,_E
ST20,Midlands Electricity,14,_E
ST21,Midlands Electricity,14,_E
SY1,Midlands Electricity,14,_E
SY2,Midlands Electricity,14,_E
SY3,Midlands Electricity,14,_E
SY4,Midlands Electricity,14,_E
SY5,Midlands Electricity,14,_E
SY6,Midlands Electricity,14,_E
SY7,Midlands Electricity,14,_E
SY8,Midlands Electricity,14,_E
SY9,Midlands Electricity,14,_E
SY15,Midlands Electricity,14,_E
TF1,Midlands Electricity,14,_E
TF2,Midlands Electricity,14,_E
TF3,Midlands Electricity,14,_E
TF4,Midlands Electricity,14,_E
TF5,Midlands Electricity,14,_E
TF6,Midlands Electricity,14,_E
TF7,Midlands Electricity,14,_E
TF8,Midlands Electricity,14,_E
TF9,Midlands Electricity,14,_E
TF10,Midlands Electricity,14,_E
TF11,Midlands Electricity,14,_E
TF12,Midlands Electricity,14,_E
TF13,Midlands Electricity,14,_E
WR1,Midlands Electricity,14,_E
WR2,Midlands Electricity,14,_E
WR3,Midlands Electricity,14,_E
WR4,Midlands Electricity,14,_E
WR5,Midlands Electricity,14,_E
WR6,Midlands Electricity,14,_E
WR7,Midlands Electricity,14,_E
WR8,Midlands Electricity,14,_E
WR9,Midlands Electricity,14,_E
WR10,Midlands Electricity,14,_E
WR11,Midlands Electricity,14,_E
WR12,Midlands Electricity,14,_E
WR13,Midlands Electricity,14,_E
WR14,Midlands Electricity,14,_E
WR15,Midlands Electricity,14,_E
WS1,Midlands Electricity,14,_E
WS2,Midlands Electricity,14,_E
WS3,Midlands Electricity,14,_E
WS4,Midlands Electricity,14,_E
WS5,Midlands Electricity,14,_E
WS6,Midlands Electricity,14,_E
WS7,Midlands Electricity,14,_E
WS8,Midlands Electricity,14,_E
WS9,Midlands Electricity,14,_E
WS10,Midlands Electricity,14,_E
WS11,Midlands Electricity,14,_E
WS12,Midlands Electricity,14,_E
WS13,Midlands Electricity,14,_E
WS14,Midlands Electricity,14,_E
WS15,Midlands Electricity,14,_E
WV1,Midlands Electricity,14,_E
WV2,Midlands Electricity,14,_E
WV3,Midlands Electricity,14,_E
WV4,Midlands Electricity,14,_E
WV5,Midlands Electricity,14,_E
WV6,Midlands Electricity,14,_E
WV7,Midlands Electricity,14,_E
WV8,Midlands Electricity,14,_E
WV9,Midlands Electricity,14,_E
WV10,Midlands Electricity,14,_E
WV11,Midlands Electricity,14,_E
WV12,Midlands Electricity,14,_E
WV13,Midlands Electricity,14,_E
WV14,Midlands Electricity,14,_E
WV15,Midlands Electricity,14,_E
WV16,Midlands Electricity,14,_E
CF1,South Wales Electricity,21,_K
CF2,South Wales Electricity,21,_K
CF3,South Wales Electricity,21,_K
CF4,South Wales Electricity,21,_K
CF5,South Wales Electricity,21,_K
CF7,South Wales Electricity,21,_K
CF8,South Wales Electricity,21,_K
CF31,South Wales Electricity,21,_K
CF32,South Wales Electricity,21,_K
CF33,South Wales Electricity,21,_K
CF34,South Wales Electricity,21,_K
CF35,South Wales Electricity,21,_K
CF36,South Wales Electricity,21,_K
CF37,South Wales Electricity,21,_K
CF38,South Wales Electricity,21,_K
CF39,South Wales Electricity,21,_K
CF40,South Wales Electricity,21,_K
CF41,South Wales Electricity,21,_K
CF42,South Wales Electricity,21,_K
CF43,South Wales Electricity,21,_K
CF44,South Wales Electricity,21,_K
CF45,South Wales Electricity,21,_K
CF46,South Wales Electricity,21,_K
CF47,South Wales Electricity,21,_K
CF48,South Wales Electricity,21,_K
CF61,South Wales Electricity,21,_K
CF62,South Wales Electricity,21,_K
CF63,South Wales Electricity,21,_K
CF64,South Wales Electricity,21,_K
CF83,South Wales Electricity,21,_K
HR5,South Wales Electricity,21,_K
LD1,South Wales Electricity,21,_K
LD2,South Wales Electricity,21,_K
LD3,South Wales Electricity,21,_K
LD4,South Wales Electricity,21,_K
LD5,South Wales Electricity,21,_K
LD6,South Wales Electricity,21,_K
LD7,South Wales Electricity,21,_K
LD8,South Wales Electricity,21,_K
NP1,South Wales Electricity,21,_K
NP2,South Wales Electricity,21,_K
NP3,South Wales Electricity,21,_K
NP4,South Wales Electricity,21,_K
NP5,South Wales Electricity,21,_K
NP6,South Wales Electricity,21,_K
NP7,South Wales Electricity,21,_K
NP8,South Wales Electricity,21,_K
NP9,South Wales Electricity,21,_K
NP16,South Wales Electricity,21,_K
NP44,South Wales Electricity,21,_K
SA1,South Wales Electricity,21,_K
SA2,South Wales Electricity,21,_K
SA3,South Wales Electricity,21,_K
SA4,South Wales Electricity,21,_K
SA5,South Wales Electricity,21,_K
SA6,South Wales Electricity,21,_K
SA7,South Wales Electricity,21,_K
SA8,South Wales Electricity,21,_K
SA9,South Wales Electricity,21,_K
SA10,South Wales Electricity,21,_K
SA11,South Wales Electricity,21,_K
SA12,South Wales Electricity,21,_K
SA13,South Wales Electricity,21,_K
SA14,South Wales Electricity,21,_K
SA15,South Wales Electricity,21,_K
SA16,South Wales Electricity,21,_K
SA17,South Wales Electricity,21,_K
SA18,South Wales Electricity,21,_K
SA19,South Wales Electricity,21,_K
SA20,South Wales Electricity,21,_K
SA31,South Wales Electricity,21,_K
SA32,South Wales Electricity,21,_K
SA33,South Wales Electricity,21,_K
SA34,South Wales Electricity,21,_K
SA35,South Wales Electricity,21,_K
SA36,South Wales Electricity,21,_K
SA37,South Wales Electricity,21,_K
SA38,South Wales Electricity,21,_K
SA39,South Wales Electricity,21,_K
SA40,South Wales Electricity,21,_K
SA41,South Wales Electricity,21,_K
SA42,South Wales Electricity,21,_K
SA43,South Wales Electricity,21,_K
SA44,South Wales Electricity,21,_K
SA45,South Wales Electricity,21,_K
SA46,South Wales Electricity,21,_K
SA47,South Wales Electricity,21,_K
SA48,South Wales Electricity,21,_K
SA61,South Wales Electricity,21,_K
SA62,South Wales Electricity,21,_K
SA63,South Wales Electricity,21,_K
SA64,South Wales Electricity,21,_K
SA65,South Wales Electricity,21,_K
SA66,South Wales Electricity,21,_K
SA67,South Wales Electricity,21,_K
SA68,South Wales Electricity,21,_K
SA69,South Wales Electricity,21,_K
SA70,South Wales Electricity,21,_K
SA71,South Wales Electricity,21,_K
SA72,South Wales Electricity,21,_K
SA73,South Wales Electricity,21,_K
SY25,South Wales Electricity,21,_K
BR1,London Electricity,12,_C
BR3,London Electricity,12,_C
BR7,London Electricity,12,_C
CR5,London Electricity,12,_C
DA14,London Electricity,12,_C
DA15,London Electricity,12,_C
DA16,London Electricity,12,_C
DA17,London Electricity,12,_C
DA18,London Electricity,12,_C
DA2,London Electricity,12,_C
DA5,London Electricity,12,_C
DA6,London Electricity,12,_C
DA7,London Electricity,12,_C
DA8,London Electricity,12,_C
E1,London Electricity,12,_C
E2,London Electricity,12,_C
E3,London Electricity,12,_C
E5,London Electricity,12,_C
E6,London Electricity,12,_C
E7,London Electricity,12,_C
E8,London Electricity,12,_C
E9,London Electricity,12,_C
E10,London Electricity,12,_C
E11,London Electricity,12,_C
E12,London Electricity,12,_C
E13,London Electricity,12,_C
E14,London Electricity,12,_C
E15,London Electricity,12,_C
E16,London Electricity,12,_C
E17,London Electricity,12,_C
E18,London Electricity,12,_C
EC1,London Electricity,12,_C
EC2Y,London Electricity,12,_C
EC4Y,London Electricity,12,_C
EC1A,London Electricity,12,_C
EC2A,London Electricity,12,_C
EC3A,London Electricity,12,_C
EC4A,London Electricity,12,_C
EC1M,London Electricity,12,_C
EC2M,London Electricity,12,_C
EC3M,London Electricity,12,_C
EC4M,London Electricity,12,_C
EC1N,London Electricity,12,_C
EC2N,London Electricity,12,_C
EC3N,London Electricity,12,_C
EC4N,London Electricity,12,_C
EC1R,London Electricity,12,_C
EC2R,London Electricity,12,_C
EC3R,London Electricity,12,_C
EC4R,London Electricity,12,_C
EC1V,London Electricity,12,_C
EC2V,London Electricity,12,_C
EC3V,London Electricity,12,_C
EC4V,London Electricity,12,_C
IG1,London Electricity,12,_C
IG2,London Electricity,12,_C
IG3,London Electricity,12,_C
IG4,London Electricity,12,_C
IG5,London Electricity,12,_C
IG6,London Electricity,12,_C
IG7,London Electricity,12,_C
IG8,London Electricity,12,_C
IG9,London Electricity,12,_C
IG11,London Electricity,12,_C
KT2,London Electricity,12,_C
KT3,London Electricity,12,_C
KT4,London Electricity,12,_C
N1,London Electricity,12,_C
N5,London Electricity,12,_C
N7,London Electricity,12,_C
N8,London Electricity,12,_C
N16,London Electricity,12,_C
N19,London Electricity,12,_C
NW1,London Electricity,12,_C
NW3,London Electricity,12,_C
NW5,London Electricity,12,_C
NW6,London Electricity,12,_C
NW8,London Electricity,12,_C
NW10,London Electricity,12,_C
SE1,London Electricity,12,_C
SE2,London Electricity,12,_C
SE3,London Electricity,12,_C
SE4,London Electricity,12,_C
SE5,London Electricity,12,_C
SE6,London Electricity,12,_C
SE7,London Electricity,12,_C
SE8,London Electricity,12,_C
SE9,London Electricity,12,_C
SE10,London Electricity,12,_C
SE11,London Electricity,12,_C
SE12,London Electricity,12,_C
SE13,London Electricity,12,_C
SE14,London Electricity,12,_C
SE15,London Electricity,12,_C
SE16,London Electricity,12,_C
SE17,London Electricity,12,_C
SE18,London Electricity,12,_C
SE19,London Electricity,12,_C
SE20,London Electricity,12,_C
SE21,London Electricity,12,_C
SE22,London Electricity,12,_C
SE23,London Electricity,12,_C
SE24,London Electricity,12,_C
SE25,London Electricity,12,_C
SE26,London Electricity,12,_C
SE27,London Electricity,12,_C
SE28,London Electricity,12,_C
SW1A,London Electricity,12,_C
SW1E,London Electricity,12,_C
SW1H,London Electricity,12,_C
SW1P,London Electricity,12,_C
SW1V,London Electricity,12,_C
SW1W,London Electricity,12,_C
SW1X,London Electricity,12,_C
SW1Z,London Electricity,12,_C
SW2,London Electricity,12,_C
SW3,London Electricity,12,_C
SW4,London Electricity,12,_C
SW5,London Electricity,12,_C
SW6,London Electricity,12,_C
SW7,London Electricity,12,_C
SW8,London Electricity,12,_C
SW9,London Electricity,12,_C
SW10,London Electricity,12,_C
SW11,London Electricity,12,_C
SW12,London Electricity,12,_C
SW13,London Electricity,12,_C
SW14,London Electricity,12,_C
SW15,London Electricity,12,_C
SW16,London Electricity,12,_C
SW17,London Electricity,12,_C
SW18,London Electricity,12,_C
SW19,London Electricity,12,_C
SW20,London Electricity,12,_C
W1H,London Electricity,12,_C
W1M,London Electricity,12,_C
W1N,London Electricity,12,_C
W1P,London Electricity,12,_C
W1R,London Electricity,12,_C
W1V,London Electricity,12,_C
W1X,London Electricity,12,_C
W1Y,London Electricity,12,_C
W2,London Electricity,12,_C
W6,London Electricity,12,_C
W8,London Electricity,12,_C
W9,London Electricity,12,_C
W10,London Electricity,12,_C
W11,London Electricity,12,_C
W12,London Electricity,12,_C
W14,London Electricity,12,_C
WC1A,London Electricity,12,_C
WC1B,London Electricity,12,_C
WC1E,London Electricity,12,_C
WC1H,London Electricity,12,_C
WC1N,London Electricity,12,_C
WC1R,London Electricity,12,_C
WC1V,London Electricity,12,_C
WC1X,London Electricity,12,_C
WC2A,London Electricity,12,_C
WC2B,London Electricity,12,_C
WC2E,London Electricity,12,_C
WC2H,London Electricity,12,_C
WC2N,London Electricity,12,_C
WC2R,London Electricity,12,_C
AL1,Eastern Electric,10,_A
AL2,Eastern Electric,10,_A
AL3,Eastern Electric,10,_A
AL4,Eastern Electric,10,_A
AL5,Eastern Electric,10,_A
AL6,Eastern Electric,10,_A
AL7,Eastern Electric,10,_A
AL8,Eastern Electric,10,_A
AL9,Eastern Electric,10,_A
AL10,Eastern Electric,10,_A
CB1,Eastern Electric,10,_A
CB2,Eastern Electric,10,_A
CB3,Eastern Electric,10,_A
CB4,Eastern Electric,10,_A
CB5,Eastern Electric,10,_A
CB6,Eastern Electric,10,_A
CB7,Eastern Electric,10,_A
CB8,Eastern Electric,10,_A
CB9,Eastern Electric,10,_A
CB10,Eastern Electric,10,_A
CB11,Eastern Electric,10,_A
CB21,Eastern Electric,10,_A
CB22,Eastern Electric,10,_A
CB23,Eastern Electric,10,_A
CB24,Eastern Electric,10,_A
CB25,Eastern Electric,10,_A
CM0,Eastern Electric,10,_A
CM1,Eastern Electric,10,_A
CM2,Eastern Electric,10,_A
CM3,Eastern Electric,10,_A
CM4,Eastern Electric,10,_A
CM5,Eastern Electric,10,_A
CM6,Eastern Electric,10,_A
CM7,Eastern Electric,10,_A
CM8,Eastern Electric,10,_A
CM9,Eastern Electric,10,_A
CM10,Eastern Electric,10,_A
CM11,Eastern Electric,10,_A
CM12,Eastern Electric,10,_A
CM13,Eastern Electric,10,_A
CM14,Eastern Electric,10,_A
CM15,Eastern Electric,10,_A
CM16,Eastern Electric,10,_A
CM17,Eastern Electric,10,_A
CM18,Eastern Electric,10,_A
CM19,Eastern Electric,10,_A
CM20,Eastern Electric,10,_A
CM21,Eastern Electric,10,_A
CM22,Eastern Electric,10,_A
CM23,Eastern Electric,10,_A
CM24,Eastern Electric,10,_A
CO1,Eastern Electric,10,_A
CO2,Eastern Electric,10,_A
CO3,Eastern Electric,10,_A
CO4,Eastern Electric,10,_A
CO5,Eastern Electric,10,_A
CO6,Eastern Electric,10,_A
CO7,Eastern Electric,10,_A
CO8,Eastern Electric,10,_A
CO9,Eastern Electric,10,_A
CO10,Eastern Electric,10,_A
CO11,Eastern Electric,10,_A
CO12,Eastern Electric,10,_A
CO13,Eastern Electric,10,_A
CO14,Eastern Electric,10,_A
CO15,Eastern Electric,10,_A
CO16,Eastern Electric,10,_A
E4,Eastern Electric,10,_A
EN1,Eastern Electric,10,_A
EN2,Eastern Electric,10,_A
EN3,Eastern Electric,10,_A
EN4,Eastern Electric,10,_A
EN5,Eastern Electric,10,_A
EN6,Eastern Electric,10,_A
EN7,Eastern Electric,10,_A
EN8,Eastern Electric,10,_A
EN9,Eastern Electric,10,_A
EN10,Eastern Electric,10,_A
EN11,Eastern Electric,10,_A
HA0,Eastern Electric,10,_A
HA1,Eastern Electric,10,_A
HA2,Eastern Electric,10,_A
HA3,Eastern Electric,10,_A
HA4,Eastern Electric,10,_A
HA5,Eastern Electric,10,_A
HA6,Eastern Electric,10,_A
HA7,Eastern Electric,10,_A
HA8,Eastern Electric,10,_A
HA9,Eastern Electric,10,_A
HP16,Eastern Electric,10,_A
HP17,Eastern Electric,10,_A
HP18,Eastern Electric,10,_A
HP19,Eastern Electric,10,_A
HP20,Eastern Electric,10,_A
HP21,Eastern Electric,10,_A
HP22,Eastern Electric,10,_A
HP23,Eastern Electric,10,_A
HP27,Eastern Electric,10,_A
HP1,Eastern Electric,10,_A
HP2,Eastern Electric,10,_A
HP3,Eastern Electric,10,_A
HP4,Eastern Electric,10,_A
HP5,Eastern Electric,10,_A
HP6,Eastern Electric,10,_A
HP7,Eastern Electric,10,_A
HP8,Eastern Electric,10,_A
IG10,Eastern Electric,10,_A
IP1,Eastern Electric,10,_A
IP2,Eastern Electric,10,_A
IP3,Eastern Electric,10,_A
IP4,Eastern Electric,10,_A
IP5,Eastern Electric,10,_A
IP6,Eastern Electric,10,_A
IP7,Eastern Electric,10,_A
IP8,Eastern Electric,10,_A
IP9,Eastern Electric,10,_A
IP10,Eastern Electric,10,_A
IP11,Eastern Electric,10,_A
IP12,Eastern Electric,10,_A
IP13,Eastern Electric,10,_A
IP14,Eastern Electric,10,_A
IP15,Eastern Electric,10,_A
IP16,Eastern Electric,10,_A
IP17,Eastern Electric,10,_A
IP18,Eastern Electric,10,_A
IP19,Eastern Electric,10,_A
IP20,Eastern Electric,10,_A
IP21,Eastern Electric,10,_A
IP22,Eastern Electric,10,_A
IP23,Eastern Electric,10,_A
IP24,Eastern Electric,10,_A
IP25,Eastern Electric,10,_A
IP26,Eastern Electric,10,_A
IP27,Eastern Electric,10,_A
IP28,Eastern Electric,10,_A
IP29,Eastern Electric,10,_A
IP30,Eastern Electric,10,_A
IP31,Eastern Electric,10,_A
IP32,Eastern Electric,10,_A
IP33,Eastern Electric,10,_A
LU1,Eastern Electric,10,_A
LU2,Eastern Electric,10,_A
LU3,Eastern Electric,10,_A
LU4,Eastern Electric,10,_A
LU5,Eastern Electric,10,_A
LU6,Eastern Electric,10,_A
LU7,Eastern Electric,10,_A
MK40,Eastern Electric,10,_A
MK41,Eastern Electric,10,_A
MK42,Eastern Electric,10,_A
MK44,Eastern Electric,10,_A
MK45,Eastern Electric,10,_A
N17,Eastern Electric,10,_A
N18,Eastern Electric,10,_A
N21,Eastern Electric,10,_A
N22,Eastern Electric,10,_A
N2,Eastern Electric,10,_A
N3,Eastern Electric,10,_A
N4,Eastern Electric,10,_A
N6 ,Eastern Electric,10,_A
N8,Eastern Electric,10,_A
N9,Eastern Electric,10,_A
N10,Eastern Electric,10,_A
N11,Eastern Electric,10,_A
N12,Eastern Electric,10,_A
N13,Eastern Electric,10,_A
N14,Eastern Electric,10,_A
N15,Eastern Electric,10,_A
NR1,Eastern Electric,10,_A
NR2,Eastern Electric,10,_A
NR3,Eastern Electric,10,_A
NR4,Eastern Electric,10,_A
NR5,Eastern Electric,10,_A
NR6,Eastern Electric,10,_A
NR7,Eastern Electric,10,_A
NR8,Eastern Electric,10,_A
NR9,Eastern Electric,10,_A
NR10,Eastern Electric,10,_A
NR11,Eastern Electric,10,_A
NR12,Eastern Electric,10,_A
NR13,Eastern Electric,10,_A
NR14,Eastern Electric,10,_A
NR15,Eastern Electric,10,_A
NR16,Eastern Electric,10,_A
NR17,Eastern Electric,10,_A
NR18,Eastern Electric,10,_A
NR19,Eastern Electric,10,_A
NR20,Eastern Electric,10,_A
NR21,Eastern Electric,10,_A
NR22,Eastern Electric,10,_A
NR23,Eastern Electric,10,_A
NR24,Eastern Electric,10,_A
NR25,Eastern Electric,10,_A
NR26,Eastern Electric,10,_A
NR27,Eastern Electric,10,_A
NR28,Eastern Electric,10,_A
NR29,Eastern Electric,10,_A
NR30,Eastern Electric,10,_A
NR31,Eastern Electric,10,_A
NR32,Eastern Electric,10,_A
NR33,Eastern Electric,10,_A
NR34,Eastern Electric,10,_A
NR35,Eastern Electric,10,_A
NW2,Eastern Electric,10,_A
NW4,Eastern Electric,10,_A
NW7 ,Eastern Electric,10,_A
N9,Eastern Electric,10,_A
N11,Eastern Electric,10,_A
PE13,Eastern Electric,10,_A
PE14,Eastern Electric,10,_A
PE15,Eastern Electric,10,_A
PE16,Eastern Electric,10,_A
PE17,Eastern Electric,10,_A
PE18,Eastern Electric,10,_A
PE19,Eastern Electric,10,_A
PE1,Eastern Electric,10,_A
PE2,Eastern Electric,10,_A
PE3,Eastern Electric,10,_A
PE4,Eastern Electric,10,_A
PE7,Eastern Electric,10,_A
PE30,Eastern Electric,10,_A
PE31,Eastern Electric,10,_A
PE32,Eastern Electric,10,_A
PE33,Eastern Electric,10,_A
PE34,Eastern Electric,10,_A
PE35,Eastern Electric,10,_A
PE36,Eastern Electric,10,_A
PE37,Eastern Electric,10,_A
PE38,Eastern Electric,10,_A
RM1,Eastern Electric,10,_A
RM2,Eastern Electric,10,_A
RM3,Eastern Electric,10,_A
RM4,Eastern Electric,10,_A
RM5,Eastern Electric,10,_A
RM6,Eastern Electric,10,_A
RM7,Eastern Electric,10,_A
RM8,Eastern Electric,10,_A
RM9,Eastern Electric,10,_A
RM10,Eastern Electric,10,_A
RM11,Eastern Electric,10,_A
RM12,Eastern Electric,10,_A
RM13,Eastern Electric,10,_A
RM14,Eastern Electric,10,_A
RM15,Eastern Electric,10,_A
RM16,Eastern Electric,10,_A
RM17,Eastern Electric,10,_A
RM18,Eastern Electric,10,_A
SG1,Eastern Electric,10,_A
SG2,Eastern Electric,10,_A
SG3,Eastern Electric,10,_A
SG4,Eastern Electric,10,_A
SG5,Eastern Electric,10,_A
SG6,Eastern Electric,10,_A
SG7,Eastern Electric,10,_A
SG8,Eastern Electric,10,_A
SG9,Eastern Electric,10,_A
SG10,Eastern Electric,10,_A
SG11,Eastern Electric,10,_A
SG12,Eastern Electric,10,_A
SG13,Eastern Electric,10,_A
SG14,Eastern Electric,10,_A
SG15,Eastern Electric,10,_A
SG16,Eastern Electric,10,_A
SG17,Eastern Electric,10,_A
SG18,Eastern Electric,10,_A
SG19,Eastern Electric,10,_A
SS0,Eastern Electric,10,_A
SS1,Eastern Electric,10,_A
SS2,Eastern Electric,10,_A
SS3,Eastern Electric,10,_A
SS4,Eastern Electric,10,_A
SS5,Eastern Electric,10,_A
SS6,Eastern Electric,10,_A
SS7,Eastern Electric,10,_A
SS8,Eastern Electric,10,_A
SS9,Eastern Electric,10,_A
SS11,Eastern Electric,10,_A
SS12,Eastern Electric,10,_A
SS13,Eastern Electric,10,_A
SS14,Eastern Electric,10,_A
SS15,Eastern Electric,10,_A
SS16,Eastern Electric,10,_A
SS17,Eastern Electric,10,_A
WD1,Eastern Electric,10,_A
WD2,Eastern Electric,10,_A
WD3,Eastern Electric,10,_A
WD4,Eastern Electric,10,_A
WD5,Eastern Electric,10,_A
WD6,Eastern Electric,10,_A
WD7,Eastern Electric,10,_A
BA1,South Western Electricity,22,_L
BA2,South Western Electricity,22,_L
BA3,South Western Electricity,22,_L
BA4,South Western Electricity,22,_L
BA5,South Western Electricity,22,_L
BA6,South Western Electricity,22,_L
BA16,South Western Electricity,22,_L
BS1,South Western Electricity,22,_L
BS2,South Western Electricity,22,_L
BS3,South Western Electricity,22,_L
BS4,South Western Electricity,22,_L
BS5,South Western Electricity,22,_L
BS6,South Western Electricity,22,_L
BS7,South Western Electricity,22,_L
BS8,South Western Electricity,22,_L
BS9,South Western Electricity,22,_L
BS10,South Western Electricity,22,_L
BS11,South Western Electricity,22,_L
BS12,South Western Electricity,22,_L
BS13,South Western Electricity,22,_L
BS14,South Western Electricity,22,_L
BS15,South Western Electricity,22,_L
BS16,South Western Electricity,22,_L
BS18,South Western Electricity,22,_L
BS19,South Western Electricity,22,_L
BS20,South Western Electricity,22,_L
BS21,South Western Electricity,22,_L
BS22,South Western Electricity,22,_L
BS23,South Western Electricity,22,_L
BS24,South Western Electricity,22,_L
BS25,South Western Electricity,22,_L
BS26,South Western Electricity,22,_L
BS27,South Western Electricity,22,_L
BS28,South Western Electricity,22,_L
BS32,South Western Electricity,22,_L
BS34,South Western Electricity,22,_L
BS35,South Western Electricity,22,_L
BS36,South Western Electricity,22,_L
BS37,South Western Electricity,22,_L
BS38,South Western Electricity,22,_L
BS39,South Western Electricity,22,_L
BS40,South Western Electricity,22,_L
BS41,South Western Electricity,22,_L
BS48,South Western Electricity,22,_L
BS49,South Western Electricity,22,_L
BS77,South Western Electricity,22,_L
BS80,South Western Electricity,22,_L
BS98,South Western Electricity,22,_L
BS99,South Western Electricity,22,_L
DT6,South Western Electricity,22,_L
DT7,South Western Electricity,22,_L
DT8,South Western Electricity,22,_L
EX1,South Western Electricity,22,_L
EX2,South Western Electricity,22,_L
EX3,South Western Electricity,22,_L
EX4,South Western Electricity,22,_L
EX5,South Western Electricity,22,_L
EX6,South Western Electricity,22,_L
EX7,South Western Electricity,22,_L
EX8,South Western Electricity,22,_L
EX9,South Western Electricity,22,_L
EX10,South Western Electricity,22,_L
EX11,South Western Electricity,22,_L
EX12,South Western Electricity,22,_L
EX13,South Western Electricity,22,_L
EX14,South Western Electricity,22,_L
EX15,South Western Electricity,22,_L
EX16,South Western Electricity,22,_L
EX17,South Western Electricity,22,_L
EX18,South Western Electricity,22,_L
EX19,South Western Electricity,22,_L
EX20,South Western Electricity,22,_L
EX21,South Western Electricity,22,_L
EX22,South Western Electricity,22,_L
EX23,South Western Electricity,22,_L
PL1,South Western Electricity,22,_L
PL2,South Western Electricity,22,_L
PL3,South Western Electricity,22,_L
PL4,South Western Electricity,22,_L
PL5,South Western Electricity,22,_L
PL6,South Western Electricity,22,_L
PL7,South Western Electricity,22,_L
PL8,South Western Electricity,22,_L
PL9,South Western Electricity,22,_L
PL10,South Western Electricity,22,_L
PL11,South Western Electricity,22,_L
PL12,South Western Electricity,22,_L
PL13,South Western Electricity,22,_L
PL14,South Western Electricity,22,_L
PL15,South Western Electricity,22,_L
PL16,South Western Electricity,22,_L
PL17,South Western Electricity,22,_L
PL18,South Western Electricity,22,_L
PL19,South Western Electricity,22,_L
PL20,South Western Electricity,22,_L
PL21,South Western Electricity,22,_L
PL22,South Western Electricity,22,_L
PL23,South Western Electricity,22,_L
PL24,South Western Electricity,22,_L
PL25,South Western Electricity,22,_L
PL26,South Western Electricity,22,_L
PL27,South Western Electricity,22,_L
PL28,South Western Electricity,22,_L
PL29,South Western Electricity,22,_L
PL30,South Western Electricity,22,_L
PL31,South Western Electricity,22,_L
PL32,South Western Electricity,22,_L
PL33,South Western Electricity,22,_L
PL34,South Western Electricity,22,_L
PL35,South Western Electricity,22,_L
TA1,South Western Electricity,22,_L
TA2,South Western Electricity,22,_L
TA3,South Western Electricity,22,_L
TA4,South Western Electricity,22,_L
TA5,South Western Electricity,22,_L
TA6,South Western Electricity,22,_L
TA7,South Western Electricity,22,_L
TA8,South Western Electricity,22,_L
TA9,South Western Electricity,22,_L
TA10,South Western Electricity,22,_L
TA11,South Western Electricity,22,_L
TA12,South Western Electricity,22,_L
TA13,South Western Electricity,22,_L
TA14,South Western Electricity,22,_L
TA15,South Western Electricity,22,_L
TA16,South Western Electricity,22,_L
TA17,South Western Electricity,22,_L
TA18,South Western Electricity,22,_L
TA19,South Western Electricity,22,_L
TA20,South Western Electricity,22,_L
TA21,South Western Electricity,22,_L
TA22,South Western Electricity,22,_L
TA23,South Western Electricity,22,_L
TA24,South Western Electricity,22,_L
TQ1,South Western Electricity,22,_L
TQ2,South Western Electricity,22,_L
TQ3,South Western Electricity,22,_L
TQ4,South Western Electricity,22,_L
TQ5,South Western Electricity,22,_L
TQ6,South Western Electricity,22,_L
TQ7,South Western Electricity,22,_L
TQ8,South Western Electricity,22,_L
TQ9,South Western Electricity,22,_L
TQ10,South Western Electricity,22,_L
TQ11,South Western Electricity,22,_L
TQ12,South Western Electricity,22,_L
TQ13,South Western Electricity,22,_L
TQ14,South Western Electricity,22,_L
TR1,South Western Electricity,22,_L
TR2,South Western Electricity,22,_L
BA7,Southern Electric,20,_H
BA8,Southern Electric,20,_H
BA9,Southern Electric,20,_H
BA10,Southern Electric,20,_H
BA11,Southern Electric,20,_H
BA12,Southern Electric,20,_H
BA13,Southern Electric,20,_H
BA14,Southern Electric,20,_H
BA15,Southern Electric,20,_H
BA20,Southern Electric,20,_H
BA21,Southern Electric,20,_H
BA22,Southern Electric,20,_H
BH1,Southern Electric,20,_H
BH2,Southern Electric,20,_H
BH3,Southern Electric,20,_H
BH4,Southern Electric,20,_H
BH5,Southern Electric,20,_H
BH6,Southern Electric,20,_H
BH7,Southern Electric,20,_H
BH8,Southern Electric,20,_H
BH9,Southern Electric,20,_H
BH10,Southern Electric,20,_H
BH11,Southern Electric,20,_H
BH12,Southern Electric,20,_H
BH13,Southern Electric,20,_H
BH14,Southern Electric,20,_H
BH15,Southern Electric,20,_H
BH16,Southern Electric,20,_H
BH17,Southern Electric,20,_H
BH18,Southern Electric,20,_H
BH19,Southern Electric,20,_H
BH20,Southern Electric,20,_H
BH21,Southern Electric,20,_H
BH22,Southern Electric,20,_H
BH23,Southern Electric,20,_H
BH24,Southern Electric,20,_H
BH25,Southern Electric,20,_H
BH31,Southern Electric,20,_H
BN17,Southern Electric,20,_H
BN18,Southern Electric,20,_H
DT1,Southern Electric,20,_H
DT2,Southern Electric,20,_H
DT3,Southern Electric,20,_H
DT4,Southern Electric,20,_H
DT5,Southern Electric,20,_H
DT9,Southern Electric,20,_H
DT10,Southern Electric,20,_H
DT11,Southern Electric,20,_H
GU24,Southern Electric,20,_H
GU26,Southern Electric,20,_H
GU27,Southern Electric,20,_H
GU28,Southern Electric,20,_H
GU29,Southern Electric,20,_H
GU30,Southern Electric,20,_H
GU31,Southern Electric,20,_H
GU32,Southern Electric,20,_H
GU33,Southern Electric,20,_H
GU34,Southern Electric,20,_H
GU35,Southern Electric,20,_H
GU3,Southern Electric,20,_H
GU7,Southern Electric,20,_H
GU8,Southern Electric,20,_H
GU9,Southern Electric,20,_H
GU10,Southern Electric,20,_H
GU11,Southern Electric,20,_H
GU12,Southern Electric,20,_H
GU13,Southern Electric,20,_H
GU14,Southern Electric,20,_H
GU15,Southern Electric,20,_H
GU16,Southern Electric,20,_H
GU17,Southern Electric,20,_H
GU18,Southern Electric,20,_H
GU19,Southern Electric,20,_H
GU20,Southern Electric,20,_H
HP9,Southern Electric,20,_H
HP10,Southern Electric,20,_H
HP11,Southern Electric,20,_H
HP12,Southern Electric,20,_H
HP13,Southern Electric,20,_H
HP14,Southern Electric,20,_H
HP15,Southern Electric,20,_H
OX1,Southern Electric,20,_H
OX2,Southern Electric,20,_H
OX3,Southern Electric,20,_H
OX4,Southern Electric,20,_H
OX5,Southern Electric,20,_H
OX6,Southern Electric,20,_H
OX8,Southern Electric,20,_H
OX9,Southern Electric,20,_H
OX10,Southern Electric,20,_H
OX11,Southern Electric,20,_H
OX12,Southern Electric,20,_H
OX13,Southern Electric,20,_H
OX14,Southern Electric,20,_H
OX18,Southern Electric,20,_H
OX20,Southern Electric,20,_H
OX33,Southern Electric,20,_H
OX44,Southern Electric,20,_H
PO1,Southern Electric,20,_H
PO2,Southern Electric,20,_H
PO3,Southern Electric,20,_H
PO4,Southern Electric,20,_H
PO5,Southern Electric,20,_H
PO6,Southern Electric,20,_H
PO7,Southern Electric,20,_H
PO8,Southern Electric,20,_H
PO9,Southern Electric,20,_H
PO10,Southern Electric,20,_H
PO11,Southern Electric,20,_H
PO12,Southern Electric,20,_H
PO13,Southern Electric,20,_H
PO14,Southern Electric,20,_H
PO15,Southern Electric,20,_H
PO16,Southern Electric,20,_H
PO17,Southern Electric,20,_H
PO18,Southern Electric,20,_H
PO19,Southern Electric,20,_H
PO20,Southern Electric,20,_H
PO21,Southern Electric,20,_H
PO22,Southern Electric,20,_H
PO30,Southern Electric,20,_H
PO31,Southern Electric,20,_H
PO32,Southern Electric,20,_H
PO33,Southern Electric,20,_H
PO34,Southern Electric,20,_H
PO35,Southern Electric,20,_H
PO36,Southern Electric,20,_H
PO37,Southern Electric,20,_H
PO38,Southern Electric,20,_H
PO39,Southern Electric,20,_H
PO40,Southern Electric,20,_H
PO41,Southern Electric,20,_H
RG1,Southern Electric,20,_H
RG2,Southern Electric,20,_H
RG3,Southern Electric,20,_H
RG4,Southern Electric,20,_H
RG5,Southern Electric,20,_H
RG6,Southern Electric,20,_H
RG7,Southern Electric,20,_H
RG8,Southern Electric,20,_H
RG9,Southern Electric,20,_H
RG10,Southern Electric,20,_H
RG11,Southern Electric,20,_H
RG12,Southern Electric,20,_H
RG13,Southern Electric,20,_H
RG14,Southern Electric,20,_H
RG15,Southern Electric,20,_H
RG16,Southern Electric,20,_H
RG17,Southern Electric,20,_H
RG21,Southern Electric,20,_H
RG22,Southern Electric,20,_H
RG23,Southern Electric,20,_H
RG24,Southern Electric,20,_H
RG25,Southern Electric,20,_H
RG26,Southern Electric,20,_H
RG27,Southern Electric,20,_H
RG28,Southern Electric,20,_H
RG30,Southern Electric,20,_H
RG40,Southern Electric,20,_H
RH14,Southern Electric,20,_H
SL0,Southern Electric,20,_H
SL1,Southern Electric,20,_H
SL2,Southern Electric,20,_H
SL3,Southern Electric,20,_H
SL4,Southern Electric,20,_H
SL5,Southern Electric,20,_H
SL6,Southern Electric,20,_H
SL7,Southern Electric,20,_H
SL8,Southern Electric,20,_H
SL9,Southern Electric,20,_H
SN1,Southern Electric,20,_H
SN2,Southern Electric,20,_H
SN3,Southern Electric,20,_H
SN4,Southern Electric,20,_H
SN5,Southern Electric,20,_H
SN6,Southern Electric,20,_H
SN7,Southern Electric,20,_H
SN8,Southern Electric,20,_H
SN9,Southern Electric,20,_H
SN10,Southern Electric,20,_H
SN11,Southern Electric,20,_H
SN12,Southern Electric,20,_H
SN13,Southern Electric,20,_H
SN14,Southern Electric,20,_H
SN15,Southern Electric,20,_H
SN16,Southern Electric,20,_H
SN38,Southern Electric,20,_H
SO14,Southern Electric,20,_H
SO15,Southern Electric,20,_H
SO16,Southern Electric,20,_H
SO17,Southern Electric,20,_H
SO18,Southern Electric,20,_H
SO19,Southern Electric,20,_H
SO20,Southern Electric,20,_H
SO21,Southern Electric,20,_H
SO22,Southern Electric,20,_H
SO23,Southern Electric,20,_H
SO24,Southern Electric,20,_H
SO30,Southern Electric,20,_H
SO31,Southern Electric,20,_H
SO32,Southern Electric,20,_H
SO40,Southern Electric,20,_H
SO41,Southern Electric,20,_H
SO42,Southern Electric,20,_H
SO43,Southern Electric,20,_H
SO45,Southern Electric,20,_H
SO50,Southern Electric,20,_H
SO51,Southern Electric,20,_H
SO52,Southern Electric,20,_H
SO53,Southern Electric,20,_H
SP1,Southern Electric,20,_H
SP2,Southern Electric,20,_H
SP3,Southern Electric,20,_H
SP4,Southern Electric,20,_H
SP5,Southern Electric,20,_H
SP6,Southern Electric,20,_H
SP7,Southern Electric,20,_H
SP8,Southern Electric,20,_H
SP9,Southern Electric,20,_H
SP10,Southern Electric,20,_H
SP11,Southern Electric,20,_H
TW1,Southern Electric,20,_H
TW2,Southern Electric,20,_H
TW3,Southern Electric,20,_H
TW4,Southern Electric,20,_H
TW5,Southern Electric,20,_H
TW6,Southern Electric,20,_H
TW7,Southern Electric,20,_H
TW8,Southern Electric,20,_H
TW11,Southern Electric,20,_H
TW12,Southern Electric,20,_H
TW13,Southern Electric,20,_H
TW14,Southern Electric,20,_H
TW15,Southern Electric,20,_H
TW16,Southern Electric,20,_H
TW17,Southern Electric,20,_H
TW18,Southern Electric,20,_H
TW19,Southern Electric,20,_H
UB1,Southern Electric,20,_H
UB2,Southern Electric,20,_H
UB3,Southern Electric,20,_H
UB4,Southern Electric,20,_H
UB5,Southern Electric,20,_H
UB6,Southern Electric,20,_H
UB7,Southern Electric,20,_H
UB8,Southern Electric,20,_H
UB9,Southern Electric,20,_H
UB10,Southern Electric,20,_H
W3,Southern Electric,20,_H
W4,Southern Electric,20,_H
W5,Southern Electric,20,_H
W,Southern Electric,20,_H
W7,Southern Electric,20,_H
W13,Southern Electric,20,_H
BN1,Seeboard,19,_J
BN2,Seeboard,19,_J
BN3,Seeboard,19,_J
BN4,Seeboard,19,_J
BN5,Seeboard,19,_J
BN6,Seeboard,19,_J
BN7,Seeboard,19,_J
BN8,Seeboard,19,_J
BN9,Seeboard,19,_J
BN10,Seeboard,19,_J
BN11,Seeboard,19,_J
BN12,Seeboard,19,_J
BN13,Seeboard,19,_J
BN14,Seeboard,19,_J
BN15,Seeboard,19,_J
BN16,Seeboard,19,_J
BN20,Seeboard,19,_J
BN21,Seeboard,19,_J
BN22,Seeboard,19,_J
BN23,Seeboard,19,_J
BN24,Seeboard,19,_J
BN25,Seeboard,19,_J
BN26,Seeboard,19,_J
BN27,Seeboard,19,_J
BN41,Seeboard,19,_J
BN42,Seeboard,19,_J
BN43,Seeboard,19,_J
BN44,Seeboard,19,_J
BN45,Seeboard,19,_J
BR2,Seeboard,19,_J
BR4,Seeboard,19,_J
BR5,Seeboard,19,_J
BR6,Seeboard,19,_J
BR8,Seeboard,19,_J
CR0,Seeboard,19,_J
CR2,Seeboard,19,_J
CR3,Seeboard,19,_J
CR4,Seeboard,19,_J
CR6,Seeboard,19,_J
CR7,Seeboard,19,_J
CR8,Seeboard,19,_J
CR9,Seeboard,19,_J
CT1,Seeboard,19,_J
CT2,Seeboard,19,_J
CT3,Seeboard,19,_J
CT4,Seeboard,19,_J
CT5,Seeboard,19,_J
CT6,Seeboard,19,_J
CT7,Seeboard,19,_J
CT8,Seeboard,19,_J
CT9,Seeboard,19,_J
CT10,Seeboard,19,_J
CT11,Seeboard,19,_J
CT12,Seeboard,19,_J
CT13,Seeboard,19,_J
CT14,Seeboard,19,_J
CT15,Seeboard,19,_J
CT16,Seeboard,19,_J
CT17,Seeboard,19,_J
CT18,Seeboard,19,_J
CT19,Seeboard,19,_J
CT20,Seeboard,19,_J
CT21,Seeboard,19,_J
DA1,Seeboard,19,_J
DA3,Seeboard,19,_J
DA4,Seeboard,19,_J
DA9,Seeboard,19,_J
DA10,Seeboard,19,_J
DA11,Seeboard,19,_J
DA12,Seeboard,19,_J
DA13,Seeboard,19,_J
GU1,Seeboard,19,_J
GU2,Seeboard,19,_J
GU4,Seeboard,19,_J
GU5,Seeboard,19,_J
GU6,Seeboard,19,_J
GU21,Seeboard,19,_J
GU22,Seeboard,19,_J
GU23,Seeboard,19,_J
GU25,Seeboard,19,_J
KT1,Seeboard,19,_J
KT5,Seeboard,19,_J
KT6,Seeboard,19,_J
KT7,Seeboard,19,_J
KT8,Seeboard,19,_J
KT9,Seeboard,19,_J
KT10,Seeboard,19,_J
KT11,Seeboard,19,_J
KT12,Seeboard,19,_J
KT13,Seeboard,19,_J
KT14,Seeboard,19,_J
KT15,Seeboard,19,_J
KT16,Seeboard,19,_J
KT17,Seeboard,19,_J
KT18,Seeboard,19,_J
KT19,Seeboard,19,_J
KT20,Seeboard,19,_J
KT21,Seeboard,19,_J
KT22,Seeboard,19,_J
KT23,Seeboard,19,_J
KT24,Seeboard,19,_J
ME1,Seeboard,19,_J
ME2,Seeboard,19,_J
ME3,Seeboard,19,_J
ME4,Seeboard,19,_J
ME5,Seeboard,19,_J
ME6,Seeboard,19,_J
ME7,Seeboard,19,_J
ME8,Seeboard,19,_J
ME9,Seeboard,19,_J
ME10,Seeboard,19,_J
ME11,Seeboard,19,_J
ME12,Seeboard,19,_J
ME13,Seeboard,19,_J
ME14,Seeboard,19,_J
ME15,Seeboard,19,_J
ME16,Seeboard,19,_J
ME17,Seeboard,19,_J
ME18,Seeboard,19,_J
ME19,Seeboard,19,_J
ME20,Seeboard,19,_J
RH1,Seeboard,19,_J
RH2,Seeboard,19,_J
RH3,Seeboard,19,_J
RH4,Seeboard,19,_J
RH5,Seeboard,19,_J
RH6,Seeboard,19,_J
RH7,Seeboard,19,_J
RH8,Seeboard,19,_J
RH9,Seeboard,19,_J
RH10,Seeboard,19,_J
RH11,Seeboard,19,_J
RH12,Seeboard,19,_J
RH13,Seeboard,19,_J
RH15,Seeboard,19,_J
RH16,Seeboard,19,_J
RH17,Seeboard,19,_J
RH18,Seeboard,19,_J
RH19,Seeboard,19,_J
RH20,Seeboard,19,_J
SM1,Seeboard,19,_J
SM2,Seeboard,19,_J
SM3,Seeboard,19,_J
SM4,Seeboard,19,_J
SM5,Seeboard,19,_J
SM6,Seeboard,19,_J
SM7,Seeboard,19,_J
TN1,Seeboard,19,_J
TN2,Seeboard,19,_J
TN3,Seeboard,19,_J
TN4,Seeboard,19,_J
TN5,Seeboard,19,_J
TN6,Seeboard,19,_J
TN7,Seeboard,19,_J
TN8,Seeboard,19,_J
TN9,Seeboard,19,_J
TN10,Seeboard,19,_J
TN11,Seeboard,19,_J
TN12,Seeboard,19,_J
TN13,Seeboard,19,_J
TN14,Seeboard,19,_J
TN15,Seeboard,19,_J
TN16,Seeboard,19,_J
TN17,Seeboard,19,_J
TN18,Seeboard,19,_J
TN19,Seeboard,19,_J
TN20,Seeboard,19,_J
TN21,Seeboard,19,_J
TN22,Seeboard,19,_J
TN23,Seeboard,19,_J
TN24,Seeboard,19,_J
TN25,Seeboard,19,_J
TN26,Seeboard,19,_J
TN27,Seeboard,19,_J
TN28,Seeboard,19,_J
TN29,Seeboard,19,_J
TN30,Seeboard,19,_J
TN31,Seeboard,19,_J
TN32,Seeboard,19,_J
TN33,Seeboard,19,_J
TN34,Seeboard,19,_J
TN35,Seeboard,19,_J
TN36,Seeboard,19,_J
TN37,Seeboard,19,_J
TN38,Seeboard,19,_J
TN39,Seeboard,19,_J
TN40,Seeboard,19,_J
TW9,Seeboard,19,_J
TW10,Seeboard,19,_J
TW20,Seeboard,19,_J
